timestamp,value,orig,bdm0,bdm1,median,linapprox,FAR
1396915200,39384,0,1,0,0,0,0
1396916100,38629,0,1,0,0,0,0
1396917000,38632,0,1,0,0,0,1
1396917900,38997,0,1,0,0,0,0
1396918800,38152,0,1,0,0,0,0
1396919700,38342,0,1,0,0,0,0
1396920600,38995,0,1,0,0,0,0
1396921500,38458,0,1,0,0,0,0
1396922400,38845,0,1,0,0,0,0
1396923300,40409,0,1,0,0,0,0
1396924200,40521,0,1,0,0,0,0
1396925100,40942,0,1,0,0,0,0
1396926000,40506,0,1,0,0,0,0
1396926900,40851,0,1,0,0,0,0
1396927800,39827,0,1,0,0,0,0
1396928700,40049,0,1,0,0,0,0
1396929600,39191,0,1,0,0,0,0
1396930500,39699,0,1,0,0,0,0
1396931400,39856,0,1,0,0,0,0
1396932300,39673,0,1,0,0,0,0
1396933200,39427,0,1,0,0,0,0
1396934100,40037,0,1,0,0,0,0
1396935000,40630,0,1,0,0,0,0
1396935900,40570,0,1,0,0,0,0
1396936800,40655,0,1,0,0,0,0
1396937700,41357,0,1,0,0,0,0
1396938600,41088,0,1,0,0,0,0
1396939500,40983,0,1,0,0,0,0
1396940400,40821,0,1,0,0,0,0
1396941300,41528,0,1,0,0,0,0
1396942200,42075,0,1,0,0,0,0
1396943100,42198,0,1,0,0,0,0
1396944000,41923,0,1,0,0,0,0
1396944900,41812,0,1,0,0,0,0
1396945800,41688,0,1,0,0,0,0
1396946700,42230,0,1,0,0,0,0
1396947600,42478,0,1,0,0,0,0
1396948500,42607,0,1,0,0,0,0
1396949400,42800,0,1,0,0,0,0
1396950300,42517,0,1,0,0,0,0
1396951200,43719,0,1,0,0,0,0
1396952100,43315,0,1,0,0,0,0
1396953000,43471,0,1,0,0,0,0
1396953900,43467,0,1,0,0,0,0
1396954800,43941,0,1,0,0,0,0
1396955700,43482,0,1,0,0,0,0
1396956600,42819,0,1,0,0,0,0
1396957500,42195,0,1,0,0,0,0
1396958400,42405,0,1,0,0,0,0
1396959300,41347,0,1,0,0,0,0
1396960200,39950,0,1,0,0,0,0
1396961100,39005,0,1,0,0,0,0
1396962000,37709,0,1,0,0,0,0
1396962900,36488,1,1,0,1,0,0
1396963800,33894,1,1,1,1,0,0
1396964700,34462,1,1,0,0,1,0
1396965600,37471,1,1,1,0,0,0
1396966500,36962,1,1,0,0,1,0
1396967400,35953,1,1,0,0,0,0
1396968300,35795,1,1,0,0,0,0
1396969200,34963,1,1,0,0,0,0
1396970100,34661,1,1,0,0,0,0
1396971000,32745,1,1,0,0,0,0
1396971900,33733,1,1,0,0,1,0
1396972800,33649,1,1,0,0,0,0
1396973700,33256,1,1,0,0,0,0
1396974600,33055,1,1,0,0,0,0
1396975500,33085,1,1,0,0,0,0
1396976400,33028,1,1,0,0,0,0
1396977300,32904,1,1,0,0,0,0
1396978200,32731,1,1,0,0,0,0
1396979100,32842,1,1,0,0,0,0
1396980000,32926,0,1,0,0,0,0
1396980900,32970,0,1,0,0,0,0
1396981800,33402,0,1,0,0,0,0
1396982700,33501,0,1,0,0,0,0
1396983600,34061,0,1,0,0,0,0
1396984500,34771,0,1,0,0,0,0
1396985400,35202,0,1,0,0,0,0
1396986300,36239,0,1,0,0,0,0
1396987200,37756,0,1,0,0,0,0
1396988100,38990,0,1,0,0,0,0
1396989000,39912,0,1,0,0,0,0
1396989900,39765,0,1,0,0,0,0
1396990800,41398,0,1,0,0,0,0
1396991700,41594,0,1,0,0,0,0
1396992600,41726,0,1,0,0,0,0
1396993500,41720,0,1,0,0,0,0
1396994400,42359,0,1,0,0,0,0
1396995300,42638,0,1,0,0,0,0
1396996200,41849,0,1,0,0,0,0
1396997100,41550,0,1,0,0,0,0
1396998000,42002,0,1,0,0,0,0
1396998900,42255,0,1,0,0,0,0
1396999800,42606,0,1,0,0,0,0
1397000700,43088,0,1,0,0,0,0
1397001600,41381,0,1,0,0,0,0
1397002500,42532,0,1,0,0,0,0
1397003400,42012,0,1,0,0,0,0
1397004300,42461,0,1,0,0,0,0
1397005200,42506,0,1,0,0,0,0
1397006100,42366,0,1,0,0,0,0
1397007000,42609,0,1,0,0,0,0
1397007900,42776,0,1,0,0,0,0
1397008800,43245,0,1,0,0,0,0
1397009700,44016,0,1,0,0,0,0
1397010600,44466,0,1,0,0,0,0
1397011500,44654,0,1,0,0,0,0
1397012400,44446,0,1,0,0,0,0
1397013300,44759,0,1,0,0,0,0
1397014200,43971,0,1,0,0,0,0
1397015100,44280,0,1,0,0,0,0
1397016000,43411,0,1,0,0,0,0
1397016900,43966,0,1,0,0,0,0
1397017800,43844,0,1,0,0,0,0
1397018700,45093,0,1,0,0,0,0
1397019600,43817,0,1,0,0,0,0
1397020500,44742,0,1,0,0,0,0
1397021400,44360,0,1,0,0,0,0
1397022300,44569,0,1,0,0,0,0
1397023200,45044,0,1,0,0,0,0
1397024100,44594,0,1,0,0,0,0
1397025000,44305,0,1,0,0,0,0
1397025900,45609,0,1,0,0,0,0
1397026800,44928,0,1,0,0,0,0
1397027700,45037,0,1,0,0,0,0
1397028600,45316,0,1,0,0,0,0
1397029500,45091,0,1,0,0,0,0
1397030400,45393,1,1,0,0,0,0
1397031300,45581,1,1,0,1,0,0
1397032200,46205,1,1,0,1,0,0
1397033100,56347,1,1,1,1,0,0
1397034000,55308,1,1,0,1,1,0
1397034900,55811,1,1,0,0,0,0
1397035800,54287,0,1,0,0,0,0
1397036700,54604,0,1,0,0,0,0
1397037600,53596,0,1,0,0,0,0
1397038500,55007,0,1,0,0,0,0
1397039400,55697,0,1,0,0,0,0
1397040300,54772,0,1,0,0,0,0
1397041200,55300,0,1,0,0,0,0
1397042100,56418,0,1,0,0,0,0
1397043000,56434,0,1,0,0,0,1
1397043900,55272,0,1,0,0,0,0
1397044800,55154,0,1,0,0,0,0
1397045700,54248,0,1,0,0,0,0
1397046600,54374,0,1,0,0,0,0
1397047500,53272,0,1,0,0,0,0
1397048400,52072,0,1,0,0,0,0
1397049300,50333,0,1,0,0,0,0
1397050200,49558,0,1,0,0,0,0
1397051100,48516,0,1,0,0,0,0
1397052000,47352,0,1,0,0,0,0
1397052900,46911,0,1,0,0,0,0
1397053800,46173,0,1,0,0,0,0
1397054700,45336,0,1,0,0,0,0
1397055600,44653,0,1,0,0,0,0
1397056500,43929,0,1,0,0,0,0
1397057400,44114,0,1,0,0,0,0
1397058300,43161,0,1,0,0,0,0
1397059200,42978,0,1,0,0,0,0
1397060100,42844,0,1,0,0,0,0
1397061000,42528,0,1,0,0,0,0
1397061900,42420,0,1,0,0,0,0
1397062800,42223,0,1,0,0,0,0
1397063700,42201,0,1,0,0,0,0
1397064600,42450,0,1,0,0,0,0
1397065500,42099,0,1,0,0,0,0
1397066400,42241,0,1,0,0,0,0
1397067300,42293,0,1,0,0,0,0
1397068200,42814,0,1,0,0,0,0
1397069100,43033,0,1,0,0,0,0
1397070000,43419,0,1,0,0,0,0
1397070900,44107,0,1,0,0,0,0
1397071800,44549,0,1,0,0,0,0
1397072700,45403,0,1,0,0,0,0
1397073600,47124,0,1,0,0,0,0
1397074500,48154,0,1,0,0,0,0
1397075400,49124,0,1,0,0,0,0
1397076300,50557,0,1,0,0,0,0
1397077200,50731,0,1,0,0,0,0
1397078100,51730,0,1,0,0,0,0
1397079000,51782,0,1,0,0,0,0
1397079900,51816,0,1,0,0,0,0
1397080800,52285,0,1,0,0,0,0
1397081700,52632,0,1,0,0,0,0
1397082600,51946,0,1,0,0,0,0
1397083500,51537,0,1,0,0,0,0
1397084400,50374,0,1,0,0,0,0
1397085300,52107,0,1,0,0,0,0
1397086200,51595,0,1,0,0,0,0
1397087100,52305,0,1,0,0,0,0
1397088000,53086,0,1,0,0,0,0
1397088900,52208,0,1,0,0,0,0
1397089800,52086,0,1,0,0,0,0
1397090700,51775,0,1,0,0,0,0
1397091600,51786,0,1,0,0,0,0
1397092500,52586,0,1,0,0,0,0
1397093400,52294,0,1,0,0,0,0
1397094300,52280,0,1,0,0,0,0
1397095200,52899,0,1,0,0,0,0
1397096100,53981,0,1,0,0,0,0
1397097000,53808,0,1,0,0,0,0
1397097900,54157,0,1,0,0,0,0
1397098800,54099,0,1,0,0,0,0
1397099700,54843,0,1,0,0,0,0
1397100600,54257,0,1,0,0,0,0
1397101500,53590,0,1,0,0,0,0
1397102400,53067,0,1,0,0,0,0
1397103300,53067,0,1,0,0,0,0
1397104200,53835,0,1,0,0,0,0
1397105100,53906,0,1,0,0,0,0
1397106000,53724,0,1,0,0,0,0
1397106900,54514,0,1,0,0,0,0
1397107800,54453,0,1,0,0,0,0
1397108700,54442,0,1,0,0,0,0
1397109600,54047,0,1,0,0,0,0
1397110500,54872,0,1,0,0,0,0
1397111400,54397,0,1,0,0,0,0
1397112300,54454,0,1,0,0,0,0
1397113200,54194,0,1,0,0,0,0
1397114100,54755,0,1,0,0,0,0
1397115000,55649,0,1,0,0,0,0
1397115900,55907,0,1,0,0,0,0
1397116800,54980,0,1,0,0,0,0
1397117700,55656,0,1,0,0,0,0
1397118600,56140,0,1,0,0,0,0
1397119500,56386,0,1,0,0,0,0
1397120400,55523,0,1,0,0,0,0
1397121300,56051,0,1,0,0,0,0
1397122200,56430,0,1,0,0,0,0
1397123100,56860,0,1,0,0,0,0
1397124000,56681,0,1,0,0,0,0
1397124900,57669,0,1,0,0,0,0
1397125800,58450,0,1,0,0,0,0
1397126700,58320,0,1,0,0,0,0
1397127600,58140,0,1,0,0,0,0
1397128500,58592,0,1,0,0,0,0
1397129400,58539,0,1,0,0,0,0
1397130300,57308,0,1,0,0,0,0
1397131200,56063,0,1,0,0,0,0
1397132100,55759,0,1,0,0,0,0
1397133000,54721,0,1,0,0,0,0
1397133900,53330,0,1,0,0,0,0
1397134800,52490,0,1,0,0,0,0
1397135700,51772,0,1,0,0,0,0
1397136600,51015,0,1,0,0,0,0
1397137500,50309,0,1,0,0,0,0
1397138400,48803,0,1,0,0,0,0
1397139300,48283,0,1,0,0,0,0
1397140200,47544,0,1,0,0,0,0
1397141100,46916,0,1,0,0,0,0
1397142000,45839,0,1,0,0,0,0
1397142900,44923,0,1,0,0,0,0
1397143800,44659,0,1,0,0,0,0
1397144700,44446,0,1,0,0,0,0
1397145600,44465,0,1,0,0,0,0
1397146500,45221,0,1,0,0,0,0
1397147400,43768,0,1,0,0,0,0
1397148300,43556,0,1,0,0,0,0
1397149200,44077,0,1,0,0,0,0
1397150100,44500,0,1,0,0,0,0
1397151000,45693,0,1,0,0,0,0
1397151900,45622,0,1,0,0,0,0
1397152800,44632,0,1,0,0,0,0
1397153700,44026,0,1,0,0,0,0
1397154600,44653,0,1,0,0,0,0
1397155500,44899,0,1,0,0,0,0
1397156400,45090,0,1,0,0,0,0
1397157300,45111,0,1,0,0,0,0
1397158200,45489,0,1,0,0,0,0
1397159100,46466,0,1,0,0,0,0
1397160000,47244,0,1,0,0,0,0
1397160900,48367,0,1,0,0,0,0
1397161800,49758,0,1,0,0,0,0
1397162700,50816,0,1,0,0,0,0
1397163600,51524,0,1,0,0,0,0
1397164500,52395,0,1,0,0,0,0
1397165400,51894,0,1,0,0,0,0
1397166300,52414,0,1,0,0,0,0
1397167200,53669,0,1,0,0,0,0
1397168100,52874,0,1,0,0,0,0
1397169000,51705,0,1,0,0,0,0
1397169900,52241,0,1,0,0,0,0
1397170800,52321,0,1,0,0,0,0
1397171700,52794,0,1,0,0,0,0
1397172600,52154,1,1,0,0,0,0
1397173500,52339,1,1,0,0,0,0
1397174400,52765,1,1,0,1,0,0
1397175300,52310,1,1,0,1,0,0
1397176200,50653,1,1,0,1,0,0
1397177100,21096,1,0,1,1,0,0
1397178000,20282,1,0,0,1,1,0
1397178900,20734,1,0,0,1,0,0
1397179800,20898,0,0,0,0,0,0
1397180700,20915,0,0,0,0,0,0
1397181600,21151,0,0,0,0,0,0
1397182500,21801,0,0,0,0,0,0
1397183400,21898,0,0,0,0,0,0
1397184300,22307,0,0,0,0,0,0
1397185200,22235,0,0,0,0,0,0
1397186100,22452,0,0,0,0,0,0
1397187000,22378,0,0,0,0,0,0
1397187900,22848,0,0,0,0,0,0
1397188800,22531,0,0,0,0,0,0
1397189700,22268,0,0,0,0,0,0
1397190600,22214,0,0,0,0,0,0
1397191500,23284,0,0,0,0,0,0
1397192400,22663,0,0,0,0,0,0
1397193300,22838,0,0,0,0,0,0
1397194200,22849,0,0,0,0,0,0
1397195100,23808,0,0,0,0,0,0
1397196000,23106,0,0,0,0,0,0
1397196900,23149,0,0,0,0,0,0
1397197800,23770,0,0,0,0,0,0
1397198700,24158,0,0,0,0,0,0
1397199600,23393,0,0,0,0,0,0
1397200500,24304,0,0,0,0,0,0
1397201400,24112,0,0,0,0,0,0
1397202300,24295,0,0,0,0,0,0
1397203200,23653,0,0,0,0,0,0
1397204100,23288,0,0,0,0,0,0
1397205000,23640,0,0,0,0,0,0
1397205900,23759,0,0,0,0,0,0
1397206800,24054,0,0,0,0,0,0
1397207700,24851,0,0,0,0,0,0
1397208600,24494,0,0,0,0,0,0
1397209500,24376,0,0,0,0,0,0
1397210400,24718,0,0,0,0,0,0
1397211300,25509,0,0,0,0,0,0
1397212200,25094,0,0,0,0,0,0
1397213100,25406,0,0,0,0,0,0
1397214000,25296,0,0,0,0,0,0
1397214900,24921,0,0,0,0,0,0
1397215800,25546,0,0,0,0,0,0
1397216700,25515,0,0,0,0,0,0
1397217600,24372,0,0,0,0,0,0
1397218500,23561,0,0,0,0,0,0
1397219400,22889,0,0,0,0,0,0
1397220300,22531,0,0,0,0,0,0
1397221200,21725,0,0,0,0,0,0
1397222100,21168,0,0,0,0,0,0
1397223000,20389,0,0,0,0,0,0
1397223900,19432,0,0,0,0,0,0
1397224800,17590,0,0,0,0,0,0
1397225700,17143,0,0,0,0,1,0
1397226600,16893,0,0,0,0,0,0
1397227500,15873,0,0,0,0,0,0
1397228400,15499,0,0,0,0,0,0
1397229300,14848,0,0,0,0,0,0
1397230200,14931,0,0,0,0,0,0
1397231100,14290,0,0,0,0,0,0
1397232000,13434,0,0,0,0,0,0
1397232900,13277,0,0,0,0,0,0
1397233800,13093,0,0,0,0,0,0
1397234700,12986,0,0,0,0,0,0
1397235600,12752,0,0,0,0,0,0
1397236500,12462,0,0,0,0,0,0
1397237400,12579,0,0,0,0,0,0
1397238300,12198,0,0,0,0,0,0
1397239200,12207,0,0,0,0,0,0
1397240100,12255,0,0,0,0,0,0
1397241000,12611,0,0,0,0,0,0
1397241900,12894,0,0,0,0,0,0
1397242800,13225,0,0,0,0,0,0
1397243700,13340,0,0,0,0,0,0
1397244600,14251,0,0,0,0,0,0
1397245500,15301,0,0,0,0,0,0
1397246400,16212,0,0,0,0,0,0
1397247300,17513,0,0,0,0,0,0
1397248200,19046,0,0,0,0,0,0
1397249100,19902,0,0,0,0,0,0
1397250000,20402,0,0,0,0,0,0
1397250900,20884,0,0,0,0,0,0
1397251800,21382,0,0,0,0,0,0
1397252700,22665,0,0,0,0,0,0
1397253600,22052,0,0,0,0,0,0
1397254500,22341,0,0,0,0,0,0
1397255400,22059,0,0,0,0,0,0
1397256300,22522,0,0,0,0,0,0
1397257200,22121,0,0,0,0,0,0
1397258100,22585,0,0,0,0,0,0
1397259000,22249,0,0,0,0,0,0
1397259900,22703,0,0,0,0,0,0
1397260800,22018,0,0,0,0,0,0
1397261700,21298,0,0,0,0,0,0
1397262600,21915,0,0,0,0,0,0
1397263500,21199,0,0,0,0,0,0
1397264400,21431,0,0,0,0,0,0
1397265300,20693,0,0,0,0,0,0
1397266200,21112,0,0,0,0,0,0
1397267100,20751,0,0,0,0,0,0
1397268000,20750,0,0,0,0,0,1
1397268900,21448,0,0,0,0,0,0
1397269800,20663,0,0,0,0,0,0
1397270700,21934,0,0,0,0,0,0
1397271600,21286,0,0,0,0,0,0
1397272500,21871,0,0,0,0,0,0
1397273400,21718,0,0,0,0,0,0
1397274300,22031,0,0,0,0,0,0
1397275200,21720,0,0,0,0,0,0
1397276100,22070,0,0,0,0,0,0
1397277000,21585,0,0,0,0,0,0
1397277900,22383,0,0,0,0,0,0
1397278800,21768,0,0,0,0,0,0
1397279700,22103,0,0,0,0,0,0
1397280600,22362,0,0,0,0,0,0
1397281500,22798,0,0,0,0,0,0
1397282400,22268,0,0,0,0,0,0
1397283300,22859,0,0,0,0,0,0
1397284200,22933,0,0,0,0,0,0
1397285100,22573,0,0,0,0,0,0
1397286000,22247,0,0,0,0,0,0
1397286900,22351,0,0,0,0,0,0
1397287800,22824,0,0,0,0,0,0
1397288700,22745,0,0,0,0,0,0
1397289600,22641,0,0,0,0,0,0
1397290500,22738,0,0,0,0,0,0
1397291400,22445,0,0,0,0,0,0
1397292300,22643,0,0,0,0,0,0
1397293200,21825,0,0,0,0,0,0
1397294100,22589,0,0,0,0,0,0
1397295000,23423,0,0,0,0,0,0
1397295900,22265,0,0,0,0,0,0
1397296800,22844,0,0,0,0,0,0
1397297700,22879,0,0,0,0,0,0
1397298600,23208,0,0,0,0,0,0
1397299500,23847,0,0,0,0,0,0
1397300400,23926,0,0,0,0,0,0
1397301300,22641,0,0,0,0,0,0
1397302200,22996,0,0,0,0,0,0
1397303100,23418,0,0,0,0,0,0
1397304000,22456,0,0,0,0,0,0
1397304900,22019,0,0,0,0,0,0
1397305800,21281,0,0,0,0,0,0
1397306700,21103,0,0,0,0,0,0
1397307600,20395,0,0,0,0,0,0
1397308500,19870,0,0,0,0,0,0
1397309400,18557,0,0,0,0,0,0
1397310300,18167,0,0,0,0,0,0
1397311200,17577,0,0,0,0,0,0
1397312100,16686,0,0,0,0,0,0
1397313000,16468,0,0,0,0,0,0
1397313900,16274,0,0,0,0,0,0
1397314800,15162,0,0,0,0,0,0
1397315700,14560,0,0,0,0,0,0
1397316600,14013,0,0,0,0,0,0
1397317500,13653,0,0,0,0,0,0
1397318400,13378,0,0,0,0,0,0
1397319300,13258,0,0,0,0,0,0
1397320200,12668,0,0,0,0,0,0
1397321100,12614,0,0,0,0,0,0
1397322000,12439,0,0,0,0,0,0
1397322900,12243,0,0,0,0,0,0
1397323800,12147,0,0,0,0,0,0
1397324700,12362,0,0,0,0,0,0
1397325600,11988,0,0,0,0,0,0
1397326500,12048,0,0,0,0,0,0
1397327400,11818,0,0,0,0,0,0
1397328300,12153,0,0,0,0,0,0
1397329200,12450,0,0,0,0,0,0
1397330100,12561,0,0,0,0,0,0
1397331000,12728,0,0,0,0,0,0
1397331900,13261,0,0,0,0,0,0
1397332800,13944,0,0,0,0,0,0
1397333700,14972,0,0,0,0,0,0
1397334600,15548,0,0,0,0,0,0
1397335500,16852,0,0,0,0,0,0
1397336400,17138,0,0,0,0,0,0
1397337300,18784,0,0,0,0,0,0
1397338200,19198,0,0,0,0,0,0
1397339100,19673,0,0,0,0,0,0
1397340000,20434,0,0,0,0,0,0
1397340900,20517,0,0,0,0,0,0
1397341800,21139,0,0,0,0,0,0
1397342700,21287,0,0,0,0,0,0
1397343600,21183,0,0,0,0,0,0
1397344500,20552,0,0,0,0,0,0
1397345400,21239,0,0,0,0,0,0
1397346300,21511,0,0,0,0,0,0
1397347200,20877,0,0,0,0,0,0
1397348100,21081,0,0,0,0,0,0
1397349000,21117,0,0,0,0,0,0
1397349900,20832,0,0,0,0,0,0
1397350800,20355,0,0,0,0,0,0
1397351700,20757,0,0,0,0,0,0
1397352600,20297,0,0,0,0,0,0
1397353500,20967,0,0,0,0,0,0
1397354400,20532,0,0,0,0,0,0
1397355300,20138,0,0,0,0,0,0
1397356200,20012,0,0,0,0,0,0
1397357100,20528,0,0,0,0,0,0
1397358000,20237,0,0,0,0,0,0
1397358900,20613,0,0,0,0,0,0
1397359800,20912,0,0,0,0,0,0
1397360700,20959,0,0,0,0,0,0
1397361600,21226,0,0,0,0,0,0
1397362500,20776,0,0,0,0,0,0
1397363400,21640,0,0,0,0,0,0
1397364300,21504,0,0,0,0,0,0
1397365200,21511,0,0,0,0,0,0
1397366100,21266,0,0,0,0,0,0
1397367000,21334,0,0,0,0,0,0
1397367900,21764,0,0,0,0,0,0
1397368800,22358,0,0,0,0,0,0
1397369700,22385,0,0,0,0,0,0
1397370600,22478,0,0,0,0,0,0
1397371500,21955,0,0,0,0,0,0
1397372400,22548,0,0,0,0,0,0
1397373300,21970,0,0,0,0,0,0
1397374200,21987,0,0,0,0,0,0
1397375100,22454,0,0,0,0,0,0
1397376000,21518,0,0,0,0,0,0
1397376900,22396,0,0,0,0,0,0
1397377800,22009,0,0,0,0,0,0
1397378700,22706,0,0,0,0,0,0
1397379600,23482,0,0,0,0,0,0
1397380500,23762,0,0,0,0,0,0
1397381400,23511,0,0,0,0,0,0
1397382300,22767,0,0,0,0,0,0
1397383200,23441,0,0,0,0,0,0
1397384100,24299,0,0,0,0,0,0
1397385000,23506,0,0,0,0,0,0
1397385900,24402,0,0,0,0,0,0
1397386800,23700,0,0,0,0,0,0
1397387700,23210,0,0,0,0,0,0
1397388600,23371,0,0,0,0,0,0
1397389500,22308,0,0,0,0,0,0
1397390400,22189,0,0,0,0,0,0
1397391300,21459,0,0,0,0,0,0
1397392200,20644,0,0,0,0,0,0
1397393100,20261,0,0,0,0,0,0
1397394000,19318,0,0,0,0,0,0
1397394900,18006,0,0,0,0,0,0
1397395800,17945,0,0,0,0,0,0
1397396700,16568,0,0,0,0,0,0
1397397600,16371,0,0,0,0,0,0
1397398500,15375,0,0,0,0,0,0
1397399400,14864,0,0,0,0,0,0
1397400300,14459,0,0,0,0,0,0
1397401200,13964,0,0,0,0,0,0
1397402100,13392,0,0,0,0,0,0
1397403000,13269,0,0,0,0,0,0
1397403900,12770,0,0,0,0,0,0
1397404800,12373,0,0,0,0,0,0
1397405700,12168,0,0,0,0,0,0
1397406600,12134,0,0,0,0,0,0
1397407500,12013,0,0,0,0,0,0
1397408400,11783,0,0,0,0,0,0
1397409300,11555,0,0,0,0,0,0
1397410200,11730,0,0,0,0,0,0
1397411100,11774,0,0,0,0,0,0
1397412000,11577,0,0,0,0,0,0
1397412900,11686,0,0,0,0,0,0
1397413800,11939,0,0,0,0,0,0
1397414700,12139,0,0,0,0,0,0
1397415600,12590,0,0,0,0,0,0
1397416500,12830,0,0,0,0,0,0
1397417400,13384,0,0,0,0,0,0
1397418300,14525,0,0,0,0,0,0
1397419200,15351,0,0,0,0,0,0
1397420100,16491,0,0,0,0,0,0
1397421000,17831,0,0,0,0,0,0
1397421900,18125,0,0,0,0,0,0
1397422800,18800,0,0,0,0,0,0
1397423700,19828,0,0,0,0,0,0
1397424600,20091,0,0,0,0,0,0
1397425500,20000,0,0,0,0,0,0
1397426400,19925,0,0,0,0,0,0
1397427300,20397,0,0,0,0,0,0
1397428200,20484,0,0,0,0,0,0
1397429100,20497,0,0,0,0,0,0
1397430000,20683,0,0,0,0,0,0
1397430900,20272,0,0,0,0,0,0
1397431800,20738,0,0,0,0,0,0
1397432700,20339,0,0,0,0,0,0
1397433600,20975,0,0,0,0,0,0
1397434500,20144,0,0,0,0,0,0
1397435400,19974,0,0,0,0,0,0
1397436300,20481,0,0,0,0,0,0
1397437200,20628,0,0,0,0,0,0
1397438100,20455,0,0,0,0,0,0
1397439000,20693,0,0,0,0,0,0
1397439900,20660,0,0,0,0,0,0
1397440800,21150,0,0,0,0,0,0
1397441700,21568,0,0,0,0,0,0
1397442600,22144,0,0,0,0,0,0
1397443500,22267,0,0,0,0,0,0
1397444400,22297,0,0,0,0,0,0
1397445300,22327,0,0,0,0,0,0
1397446200,21950,0,0,0,0,0,0
1397447100,21278,0,0,0,0,0,0
1397448000,21486,0,0,0,0,0,0
1397448900,21716,0,0,0,0,0,0
1397449800,21758,0,0,0,0,0,0
1397450700,21972,0,0,0,0,0,0
1397451600,21944,0,0,0,0,0,0
1397452500,21668,0,0,0,0,0,0
1397453400,21637,0,0,0,1,0,0
1397454300,20854,0,0,0,1,0,0
1397455200,22305,0,0,0,1,0,0
1397456100,44306,1,1,1,1,0,0
1397457000,45890,1,1,0,1,1,0
1397457900,44072,1,1,0,1,0,0
1397458800,43844,1,1,0,0,1,0
1397459700,45940,1,1,1,1,0,0
1397460600,45912,1,1,0,1,1,1
1397461500,47432,1,1,0,1,0,0
1397462400,23495,0,0,1,1,0,0
1397463300,23418,0,0,0,1,1,1
1397464200,22390,0,0,0,1,0,0
1397465100,23505,0,0,0,0,0,0
1397466000,23513,0,0,0,0,0,1
1397466900,24416,0,0,0,0,0,0
1397467800,24408,0,0,0,0,0,1
1397468700,24012,0,0,0,0,0,0
1397469600,23429,0,0,0,0,0,0
1397470500,23829,0,0,0,0,0,0
1397471400,24695,0,0,0,0,0,0
1397472300,24362,0,0,0,0,0,0
1397473200,24721,0,0,0,0,0,0
1397474100,25268,0,0,0,0,0,0
1397475000,24460,0,0,0,0,0,0
1397475900,24348,0,0,0,0,0,0
1397476800,23206,0,0,0,0,0,0
1397477700,22118,0,0,0,0,0,0
1397478600,21873,0,0,0,0,0,0
1397479500,21556,0,0,0,0,0,0
1397480400,20021,0,0,0,0,0,0
1397481300,18801,0,0,0,0,0,0
1397482200,18509,0,0,0,0,0,0
1397483100,17519,0,0,0,0,0,0
1397484000,16635,0,0,0,0,0,0
1397484900,15801,0,0,0,0,0,0
1397485800,15211,0,0,0,0,0,0
1397486700,14424,0,0,0,0,0,0
1397487600,13622,0,0,0,0,0,0
1397488500,13189,0,0,0,0,0,0
1397489400,13255,0,0,0,0,0,0
1397490300,13017,0,0,0,0,0,0
1397491200,12267,0,0,0,0,0,0
1397492100,12356,0,0,0,0,0,0
1397493000,12143,0,0,0,0,0,0
1397493900,11918,0,0,0,0,0,0
1397494800,12060,0,0,0,0,0,0
1397495700,11614,0,0,0,0,0,0
1397496600,11663,0,0,0,0,0,0
1397497500,11539,0,0,0,0,0,0
1397498400,11708,0,0,0,0,0,0
1397499300,11840,0,0,0,0,0,0
1397500200,11955,0,0,0,0,0,0
1397501100,12140,0,0,0,0,0,0
1397502000,12539,0,0,0,0,0,0
1397502900,13225,0,0,0,0,0,0
1397503800,13845,0,0,0,0,0,0
1397504700,14191,0,0,0,0,0,0
1397505600,15338,0,0,0,0,0,0
1397506500,16214,0,0,0,0,0,0
1397507400,17670,0,0,0,0,0,0
1397508300,18463,0,0,0,0,0,0
1397509200,18832,0,0,0,0,0,0
1397510100,19532,0,0,0,0,0,0
1397511000,20552,0,0,0,0,0,0
1397511900,19963,0,0,0,0,0,0
1397512800,20190,0,0,0,0,0,0
1397513700,19676,0,0,0,0,0,0
1397514600,19640,0,0,0,0,0,0
1397515500,20688,0,0,0,0,0,0
1397516400,20211,0,0,0,0,0,0
1397517300,20999,0,0,0,0,0,0
1397518200,20076,0,0,0,0,0,0
1397519100,19872,0,0,0,0,0,0
1397520000,20519,0,0,0,0,0,0
1397520900,20112,0,0,0,0,0,0
1397521800,20348,0,0,0,0,0,0
1397522700,20412,0,0,0,0,0,0
1397523600,19821,0,0,0,0,0,0
1397524500,19927,0,0,0,0,0,0
1397525400,20165,0,0,0,0,0,0
1397526300,20235,0,0,0,0,0,0
1397527200,20378,0,0,0,0,0,0
1397528100,21479,0,0,0,0,0,0
1397529000,21775,0,0,0,0,0,0
1397529900,21818,0,0,0,0,0,0
1397530800,21490,0,0,0,0,0,0
1397531700,21743,0,0,0,0,0,0
1397532600,20736,0,0,0,0,0,0
1397533500,20582,0,0,0,0,0,0
1397534400,20173,0,0,0,0,0,0
1397535300,20546,0,0,0,0,0,0
1397536200,20686,0,0,0,0,0,0
1397537100,20667,0,0,0,0,0,0
1397538000,20232,0,0,0,0,0,0
1397538900,20217,0,0,0,0,0,0
1397539800,20475,0,0,0,0,0,0
1397540700,20607,0,0,0,0,0,0
1397541600,21248,0,0,0,0,0,0
1397542500,21022,0,0,0,0,0,0
1397543400,22286,0,0,0,0,0,0
1397544300,21784,0,0,0,0,0,0
1397545200,21750,0,0,0,0,0,0
1397546100,22301,0,0,0,0,0,0
1397547000,21858,0,0,0,0,0,0
1397547900,22500,0,0,0,0,0,0
1397548800,21877,0,0,0,0,0,0
1397549700,22540,0,0,0,0,0,0
1397550600,22467,0,0,0,0,0,0
1397551500,22843,0,0,0,0,0,0
1397552400,22558,0,0,0,0,0,0
1397553300,23388,0,0,0,0,0,0
1397554200,23174,0,0,0,0,0,0
1397555100,23791,0,0,0,0,0,0
1397556000,23292,0,0,0,0,0,0
1397556900,23632,0,0,0,0,0,0
1397557800,24421,0,0,0,0,0,0
1397558700,24222,0,0,0,0,0,0
1397559600,23918,0,0,0,0,0,0
1397560500,23747,0,0,0,0,0,0
1397561400,23530,0,0,0,0,0,0
1397562300,23240,0,0,0,0,0,0
1397563200,22834,0,0,0,0,0,0
1397564100,22448,0,0,0,0,0,0
1397565000,20985,0,0,0,0,0,0
1397565900,19755,0,0,0,0,0,0
1397566800,19449,0,0,0,0,0,0
1397567700,18951,0,0,0,0,0,0
1397568600,17881,0,0,0,0,0,0
1397569500,17477,0,0,0,0,0,0
1397570400,16027,0,0,0,0,0,0
1397571300,16084,0,0,0,0,0,0
1397572200,14816,0,0,0,0,0,0
1397573100,14482,0,0,0,0,0,0
1397574000,13974,0,0,0,0,0,0
1397574900,13614,0,0,0,0,0,0
1397575800,13224,0,0,0,0,0,0
1397576700,13133,0,0,0,0,0,0
1397577600,12770,0,0,0,0,0,0
1397578500,12181,0,0,0,0,0,0
1397579400,12391,0,0,0,0,0,0
1397580300,12290,0,0,0,0,0,0
1397581200,12259,0,0,0,0,0,0
1397582100,11897,0,0,0,0,0,0
1397583000,12186,0,0,0,0,0,0
1397583900,11968,0,0,0,0,0,0
1397584800,11690,0,0,0,0,0,0
1397585700,11753,0,0,0,0,0,0
1397586600,11928,0,0,0,0,0,0
1397587500,12454,0,0,0,0,0,0
1397588400,12844,0,0,0,0,0,0
1397589300,13365,0,0,0,0,0,0
1397590200,13965,0,0,0,0,0,0
1397591100,14735,0,0,0,0,0,0
1397592000,15111,0,0,0,0,0,0
1397592900,16413,0,0,0,0,0,0
1397593800,17519,0,0,0,0,0,0
1397594700,18644,0,0,0,0,0,0
1397595600,19206,0,0,0,0,0,0
1397596500,18987,0,0,0,0,0,0
1397597400,20079,0,0,0,0,0,0
1397598300,19696,0,0,0,0,0,0
1397599200,19974,0,0,0,0,0,0
1397600100,20445,0,0,0,0,0,0
1397601000,19685,0,0,0,0,0,0
1397601900,19820,0,0,0,0,0,0
1397602800,19341,0,0,0,0,0,0
1397603700,19415,0,0,0,0,0,0
1397604600,19319,0,0,0,0,0,0
1397605500,19478,0,0,0,0,0,0
1397606400,19410,0,0,0,0,0,0
1397607300,19920,0,0,0,0,0,0
1397608200,20129,0,0,0,0,0,0
1397609100,19666,0,0,0,0,0,0
1397610000,19439,0,0,0,0,0,0
1397610900,20088,0,0,0,0,0,0
1397611800,18942,0,0,0,0,0,0
1397612700,19686,0,0,0,0,0,0
1397613600,20392,0,0,0,0,0,0
1397614500,21145,0,0,0,0,0,0
1397615400,20912,0,0,0,0,0,0
1397616300,21213,0,0,0,0,0,0
1397617200,20942,0,0,0,0,0,0
1397618100,21386,0,0,0,0,0,0
1397619000,20153,0,0,0,0,0,0
1397619900,21082,0,0,0,0,0,0
1397620800,20490,0,0,0,0,0,0
1397621700,20459,0,0,0,0,0,0
1397622600,20630,0,0,0,0,0,0
1397623500,21089,0,0,0,0,0,0
1397624400,20956,0,0,0,0,0,0
1397625300,20980,0,0,0,0,0,0
1397626200,20632,0,0,0,0,0,0
1397627100,21074,0,0,0,0,0,0
1397628000,21164,0,0,0,0,0,0
1397628900,21252,0,0,0,0,0,0
1397629800,20978,0,0,0,0,0,0
1397630700,21429,0,0,0,0,0,0
1397631600,21007,0,0,0,0,0,0
1397632500,21964,0,0,0,0,0,0
1397633400,22138,0,0,0,0,0,0
1397634300,22150,0,0,0,0,0,0
1397635200,22087,0,0,0,0,0,0
1397636100,22161,0,0,0,0,0,0
1397637000,22553,0,0,0,0,0,0
1397637900,23224,0,0,0,0,0,0
1397638800,23270,0,0,0,0,0,0
1397639700,23012,0,0,0,0,0,0
1397640600,23263,0,0,0,0,0,0
1397641500,23631,0,0,0,0,0,0
1397642400,23744,0,0,0,0,0,0
1397643300,24027,0,0,0,0,0,0
1397644200,23725,0,0,0,0,0,0
1397645100,23605,0,0,0,0,0,0
1397646000,23772,0,0,0,0,0,0
1397646900,23396,0,0,0,0,0,0
1397647800,23656,0,0,0,0,0,0
1397648700,23054,0,0,0,0,0,0
1397649600,22931,0,0,0,0,0,0
1397650500,22399,0,0,0,0,0,0
1397651400,20766,0,0,0,0,0,0
1397652300,20312,0,0,0,0,0,0
1397653200,19363,0,0,0,0,0,0
1397654100,19089,0,0,0,0,0,0
1397655000,17960,0,0,0,0,0,0
1397655900,17260,0,0,0,0,0,0
1397656800,16098,0,0,0,0,0,0
1397657700,16021,0,0,0,0,0,0
1397658600,15273,0,0,0,0,0,0
1397659500,14528,0,0,0,0,0,0
1397660400,14035,0,0,0,0,0,0
1397661300,13500,0,0,0,0,0,0
1397662200,13272,0,0,0,0,0,0
1397663100,13279,0,0,0,0,0,0
1397664000,12770,0,0,0,0,0,0
1397664900,12365,0,0,0,0,0,0
1397665800,12608,0,0,0,0,0,0
1397666700,12293,0,0,0,0,0,0
1397667600,12028,0,0,0,0,0,0
1397668500,11984,0,0,0,0,0,0
1397669400,12193,0,0,0,0,0,0
1397670300,12022,0,0,0,0,0,0
1397671200,11839,0,0,0,0,0,0
1397672100,12161,0,0,0,0,0,0
1397673000,12141,0,0,0,0,0,0
1397673900,12304,0,0,0,0,0,0
1397674800,12862,0,0,0,0,0,0
1397675700,12996,0,0,0,0,0,0
1397676600,13816,0,0,0,0,0,0
1397677500,14214,0,0,0,0,0,0
1397678400,15267,0,0,0,0,0,0
1397679300,16344,0,0,0,0,0,0
1397680200,16820,0,0,0,0,0,0
1397681100,18288,0,0,0,0,0,0
1397682000,18351,0,0,0,0,0,0
1397682900,18728,0,0,0,0,0,0
1397683800,18856,0,0,0,0,0,0
1397684700,19180,0,0,0,0,0,0
1397685600,19625,0,0,0,0,0,0
1397686500,19288,0,0,0,0,0,0
1397687400,19198,0,0,0,0,0,0
1397688300,19676,0,0,0,0,0,0
1397689200,19269,0,0,0,0,0,0
1397690100,19510,0,0,0,0,0,0
1397691000,19439,0,0,0,0,0,0
1397691900,19673,0,0,0,0,0,0
1397692800,19687,0,0,0,0,0,0
1397693700,19033,0,0,0,0,0,0
1397694600,19537,0,0,0,0,0,0
1397695500,19452,0,0,0,0,0,0
1397696400,18429,0,0,0,0,0,0
1397697300,18931,0,0,0,0,0,0
1397698200,19213,0,0,0,0,0,0
1397699100,19341,0,0,0,0,0,0
1397700000,19391,0,0,0,0,0,0
1397700900,19378,0,0,0,0,0,0
1397701800,20114,0,0,0,0,0,0
1397702700,20301,0,0,0,0,0,0
1397703600,20504,0,0,0,0,0,0
1397704500,19809,0,0,0,0,0,0
1397705400,19927,0,0,0,0,0,0
1397706300,20591,0,0,0,0,0,0
1397707200,20031,0,0,0,0,0,0
1397708100,20673,0,0,0,0,0,0
1397709000,19912,0,0,0,0,0,0
1397709900,20434,0,0,0,0,0,0
1397710800,20393,0,0,0,0,0,0
1397711700,21353,0,0,0,0,0,0
1397712600,20988,0,0,0,0,0,0
1397713500,20744,0,0,0,0,0,0
1397714400,20926,0,0,0,0,0,0
1397715300,21231,0,0,0,0,0,0
1397716200,21480,0,0,0,0,0,0
1397717100,21292,0,0,0,0,0,0
1397718000,21389,0,0,0,0,0,0
1397718900,21925,0,0,0,0,0,0
1397719800,22098,0,0,0,0,0,0
1397720700,21789,0,0,0,0,0,0
1397721600,21397,0,0,0,0,0,0
1397722500,21864,0,0,0,0,0,0
1397723400,22072,0,0,0,0,0,0
1397724300,21975,0,0,0,0,0,0
1397725200,21685,0,0,0,0,0,0
1397726100,21772,0,0,0,0,0,0
1397727000,21578,0,0,0,0,0,0
1397727900,22409,0,0,0,0,0,0
1397728800,22707,0,0,0,0,0,0
1397729700,22601,0,0,0,0,0,0
1397730600,22803,0,0,0,0,0,0
1397731500,23047,0,0,0,0,0,0
1397732400,22605,0,0,0,0,0,0
1397733300,22895,0,0,0,0,0,0
1397734200,22591,0,0,0,0,0,0
1397735100,22887,0,0,0,0,0,0
1397736000,21906,0,0,0,0,0,0
1397736900,21675,0,0,0,0,0,0
1397737800,21232,0,0,0,0,0,0
1397738700,20928,0,0,0,0,0,0
1397739600,20302,0,0,0,0,0,0
1397740500,19117,0,0,0,0,0,0
1397741400,18866,0,0,0,0,0,0
1397742300,18060,0,0,0,0,0,0
1397743200,17176,0,0,0,0,0,0
1397744100,16044,0,0,0,0,0,0
1397745000,15962,0,0,0,0,0,0
1397745900,15409,0,0,0,0,0,0
1397746800,14651,0,0,0,0,0,0
1397747700,14272,0,0,0,0,0,0
1397748600,13882,0,0,0,0,0,0
1397749500,13435,0,0,0,0,0,0
1397750400,13178,0,0,0,0,0,0
1397751300,13143,0,0,0,0,0,0
1397752200,12405,0,0,0,0,0,0
1397753100,12291,0,0,0,0,0,0
1397754000,12442,0,0,0,0,0,0
1397754900,12102,0,0,0,0,0,0
1397755800,11799,0,0,0,0,0,0
1397756700,11989,0,0,0,0,0,0
1397757600,12068,0,0,0,0,0,0
1397758500,11859,0,0,0,0,0,0
1397759400,12027,0,0,0,0,0,0
1397760300,11782,0,0,0,0,0,0
1397761200,11675,0,0,0,0,0,0
1397762100,12191,0,0,0,0,0,0
1397763000,12425,0,0,0,0,0,0
1397763900,13081,0,0,0,0,0,0
1397764800,13853,0,0,0,0,0,0
1397765700,14386,0,0,0,0,0,0
1397766600,15014,0,0,0,0,0,0
1397767500,16058,0,0,0,0,0,0
1397768400,16680,0,0,0,0,0,0
1397769300,18073,0,0,0,0,0,0
1397770200,18597,0,0,0,0,0,0
1397771100,18773,0,0,0,0,0,0
1397772000,19069,0,0,0,0,0,0
1397772900,19545,0,0,0,0,0,0
1397773800,19317,0,0,0,0,0,0
1397774700,20248,0,0,0,0,0,0
1397775600,20464,0,0,0,0,0,0
1397776500,19913,0,0,0,0,0,0
1397777400,20517,0,0,0,0,0,0
1397778300,19919,0,0,0,0,0,0
1397779200,20595,0,0,0,0,0,0
1397780100,19651,0,0,0,0,0,0
1397781000,19346,0,0,0,0,0,0
1397781900,19943,0,0,0,0,0,0
1397782800,20590,0,0,0,0,0,0
1397783700,20055,0,0,0,0,0,0
1397784600,19376,0,0,0,0,0,0
1397785500,20431,0,0,0,0,0,0
1397786400,20005,0,0,0,0,0,0
1397787300,20035,0,0,0,0,0,0
1397788200,19302,0,0,0,0,0,0
1397789100,19363,0,0,0,0,0,0
1397790000,19276,0,0,0,0,0,0
1397790900,19749,0,0,0,0,0,0
1397791800,19188,0,0,0,0,0,0
1397792700,19679,0,0,0,0,0,0
1397793600,19858,0,0,0,0,0,0
1397794500,20509,0,0,0,0,0,0
1397795400,19542,0,0,0,0,0,0
1397796300,19927,0,0,0,0,0,0
1397797200,20202,0,0,0,0,0,0
1397798100,20125,0,0,0,0,0,0
1397799000,19912,0,0,0,0,0,0
1397799900,20219,0,0,0,0,0,0
1397800800,20000,0,0,0,0,0,0
1397801700,20104,0,0,0,0,0,0
1397802600,20966,0,0,0,0,0,0
1397803500,21237,0,0,0,0,0,0
1397804400,21046,0,0,0,0,0,0
1397805300,20727,0,0,0,0,0,0
1397806200,20837,0,0,0,1,0,0
1397807100,20813,0,0,0,1,0,0
1397808000,20320,0,0,0,1,0,0
1397808900,0,1,1,1,1,0,0
1397809800,0,1,1,0,1,1,0
1397810700,0,1,1,0,0,0,0
1397811600,0,1,1,0,0,0,0
1397812500,0,1,1,0,0,0,0