timestamp,value,label,bdm0,bdm1,median,linapprox,FAR,,,,,,,,,,,,,
1396914300,50237,0,0,0,0,0,0,,,,,,,,,,,,,
1396915200,49851,0,0,0,0,0,0,,,,,,,,,,,,,
1396916100,50133,0,0,0,0,0,0,,,,,,,,,,,,,
1396917000,49682,0,0,0,0,0,0,,,,,,,,,,,,,
1396917900,49897,0,0,0,0,0,0,,,,,,,,,,,,,
1396918800,51038,0,0,0,0,0,0,,,,,,,,,,,,,
1396919700,51473,0,0,0,0,0,0,,,,,,,,,,,,,
1396920600,51430,0,0,0,0,0,0,,,,,,,,,,,,,
1396921500,50986,0,0,0,0,0,0,,,,,,,,,,,,,
1396922400,51309,0,0,0,0,0,0,,,,,,,,,,,,,
1396923300,52120,0,0,0,0,0,0,,,,,,,,,,,,,
1396924200,52092,0,0,0,0,0,0,,,,,,,,,,,,,
1396925100,51570,0,0,0,0,0,0,,,,,,,,,,,,,
1396926000,50457,0,0,0,0,0,0,,,,,,,,,,,,,
1396926900,50752,0,0,0,0,0,0,,,,,,,,,,,,,
1396927800,51018,0,0,0,0,0,0,,,,,,,,,,,,,
1396928700,49536,1,0,0,1,0,0,,,,,,,,,,,,,
1396929600,47452,1,0,0,0,0,0,,,,,,,,,,,,,
1396930500,51355,0,0,0,0,0,0,,,,,,,,,,,,,
1396931400,51532,0,0,0,0,1,0,,,,,,,,,,,,,
1396932300,51820,0,0,0,0,0,0,,,,,,,,,,,,,
1396933200,52518,0,0,0,0,0,0,,,,,,,,,,,,,
1396934100,52924,0,0,0,0,0,0,,,,,,,,,,,,,
1396935000,52986,0,0,0,0,0,0,,,,,,,,,,,,,
1396935900,53265,0,0,0,0,0,0,,,,,,,,,,,,,
1396936800,54144,0,0,0,0,0,0,,,,,,,,,,,,,
1396937700,53662,0,0,0,0,0,0,,,,,,,,,,,,,
1396938600,53997,0,0,0,0,0,0,,,,,,,,,,,,,
1396939500,53620,0,0,0,0,0,0,,,,,,,,,,,,,
1396940400,52821,0,0,0,0,0,0,,,,,,,,,,,,,
1396941300,52739,0,0,0,0,0,0,,,,,,,,,,,,,
1396942200,52882,0,0,0,0,0,0,,,,,,,,,,,,,
1396943100,52647,0,0,0,0,0,0,,,,,,,,,,,,,
1396944000,52189,0,0,0,0,0,0,,,,,,,,,,,,,
1396944900,53610,0,0,0,0,0,0,,,,,,,,,,,,,
1396945800,51230,0,0,0,0,0,0,,,,,,,,,,,,,
1396946700,54714,0,0,0,0,0,0,,,,,,,,,,,,,
1396947600,54318,0,0,0,0,1,0,,,,,,,,,,,,,
1396948500,55879,0,0,0,0,0,0,,,,,,,,,,,,,
1396949400,56209,0,0,0,0,0,0,,,,,,,,,,,,,
1396950300,56057,0,0,0,0,0,0,,,,,,,,,,,,,
1396951200,56347,0,0,0,0,0,0,,,,,,,,,,,,,
1396952100,56418,0,0,0,0,0,0,,,,,,,,,,,,,
1396953000,56638,0,0,0,0,0,0,,,,,,,,,,,,,
1396953900,55838,0,0,0,0,0,0,,,,,,,,,,,,, 
1396954800,56063,0,0,0,0,0,0,,,,,,,,,,,,,
1396955700,54769,0,0,0,0,0,0,,,,,,,,,,,,,
1396956600,54779,0,0,0,0,0,1,,,,,,,,,,,,,
1396957500,53205,0,0,0,0,0,0,,,,,,,,,,,,,
1396958400,51409,0,0,0,0,0,0,,,,,,,,,,,,,
1396959300,50159,0,0,0,0,0,0,,,,,,,,,,,,,
1396960200,49011,0,0,0,0,0,0,,,,,,,,,,,,,
1396961100,47947,0,0,0,0,0,0,,,,,,,,,,,,,
1396962000,46361,0,0,0,0,0,0,,,,,,,,,,,,,
1396962900,44998,0,0,0,1,0,0,,,,,,,,,,,,,
1396963800,44159,0,0,0,1,0,0,,,,,,,,,,,,,
1396964700,43730,0,0,0,1,0,0,,,,,,,,,,,,,
1396965600,0,1,1,1,1,0,0,,,,,,,,,,,,,
1396966500,42004,0,0,1,1,1,0,,,,,,,,,,,,,
1396967400,41244,0,0,0,1,1,0,,,,,,,,,,,,,
1396968300,41304,0,0,0,1,0,0,,,,,,,,,,,,,
1396969200,40651,0,0,0,0,0,0,,,,,,,,,,,,,
1396970100,39617,0,0,0,0,0,0,,,,,,,,,,,,,
1396971000,39331,0,0,0,0,0,0,,,,,,,,,,,,,
1396971900,39669,0,0,0,0,0,0,,,,,,,,,,,,,
1396972800,39261,0,0,0,0,0,0,,,,,,,,,,,,,
1396973700,37197,0,0,0,0,0,0,,,,,,,,,,,,,
1396974600,38148,0,0,0,0,0,0,,,,,,,,,,,,,
1396975500,38752,0,0,0,0,0,0,,,,,,,,,,,,,
1396976400,39010,0,0,0,0,0,0,,,,,,,,,,,,,
1396977300,38750,0,0,0,0,0,0,,,,,,,,,,,,,
1396978200,38902,0,0,0,0,0,0,,,,,,,,,,,,,
1396979100,39066,0,0,0,0,0,0,,,,,,,,,,,,,
1396980000,39194,0,0,0,0,0,0,,,,,,,,,,,,,
1396980900,40006,0,0,0,0,0,0,,,,,,,,,,,,,
1396981800,40172,0,0,0,0,0,0,,,,,,,,,,,,,
1396982700,41138,0,0,0,0,0,0,,,,,,,,,,,,,
1396983600,41599,0,0,0,0,0,0,,,,,,,,,,,,,
1396984500,42890,0,0,0,0,0,0,,,,,,,,,,,,,
1396985400,44003,0,0,0,0,0,0,,,,,,,,,,,,,
1396986300,44873,0,0,0,0,0,0,,,,,,,,,,,,,
1396987200,46608,0,0,0,0,0,0,,,,,,,,,,,,,
1396988100,47986,0,0,0,0,0,0,,,,,,,,,,,,,
1396989000,47721,0,0,0,0,0,0,,,,,,,,,,,,,
1396989900,48386,0,0,0,0,0,0,,,,,,,,,,,,,
1396990800,48782,0,0,0,0,0,0,,,,,,,,,,,,,
1396991700,48516,0,0,0,0,0,0,,,,,,,,,,,,,
1396992600,48592,0,0,0,0,0,0,,,,,,,,,,,,,
1396993500,48063,0,0,0,0,0,0,,,,,,,,,,,,,
1396994400,47253,0,0,0,0,0,0,,,,,,,,,,,,,
1396995300,48252,0,0,0,0,0,0,,,,,,,,,,,,,
1396996200,48316,0,0,0,0,0,0,,,,,,,,,,,,,
1396997100,48216,0,0,0,0,0,0,,,,,,,,,,,,,
1396998000,48825,0,0,0,0,0,0,,,,,,,,,,,,,
1396998900,49171,0,0,0,0,0,0,,,,,,,,,,,,,
1396999800,48941,0,0,0,0,0,0,,,,,,,,,,,,,
1397000700,49798,0,0,0,0,0,0,,,,,,,,,,,,,
1397001600,49376,0,0,0,0,0,0,,,,,,,,,,,,,
1397002500,48392,0,0,0,0,0,0,,,,,,,,,,,,,
1397003400,48592,0,0,0,0,0,0,,,,,,,,,,,,,
1397004300,49145,0,0,0,0,0,0,,,,,,,,,,,,,
1397005200,49704,0,0,0,0,0,0,,,,,,,,,,,,,
1397006100,50666,0,0,0,0,0,0,,,,,,,,,,,,,
1397007000,51214,0,0,0,0,0,0,,,,,,,,,,,,,
1397007900,51334,0,0,0,0,0,0,,,,,,,,,,,,,
1397008800,50895,0,0,0,0,0,0,,,,,,,,,,,,,
1397009700,51159,0,0,0,0,0,0,,,,,,,,,,,,,
1397010600,51711,0,0,0,0,0,0,,,,,,,,,,,,,
1397011500,51352,0,0,0,0,0,0,,,,,,,,,,,,,
1397012400,51716,0,0,0,0,0,0,,,,,,,,,,,,,
1397013300,52237,0,0,0,0,0,0,,,,,,,,,,,,,
1397014200,52211,0,0,0,0,0,0,,,,,,,,,,,,,
1397015100,52167,0,0,0,0,0,0,,,,,,,,,,,,,
1397016000,51994,0,0,0,0,0,0,,,,,,,,,,,,,
1397016900,52490,0,0,0,0,0,0,,,,,,,,,,,,,
1397017800,53064,0,0,0,0,0,0,,,,,,,,,,,,,
1397018700,53750,0,0,0,0,0,0,,,,,,,,,,,,,
1397019600,53447,0,0,0,0,0,0,,,,,,,,,,,,,
1397020500,53996,0,0,0,0,0,0,,,,,,,,,,,,,
1397021400,53892,0,0,0,0,0,0,,,,,,,,,,,,,
1397022300,53128,0,0,0,0,0,0,,,,,,,,,,,,,
1397023200,52651,0,0,0,0,0,0,,,,,,,,,,,,,
1397024100,52850,0,0,0,0,0,0,,,,,,,,,,,,,
1397025000,53610,0,0,0,0,0,0,,,,,,,,,,,,,
1397025900,53657,0,0,0,0,0,0,,,,,,,,,,,,,
1397026800,52423,0,0,0,0,0,0,,,,,,,,,,,,,
1397027700,52594,0,0,0,0,0,0,,,,,,,,,,,,,
1397028600,53182,0,0,0,0,0,0,,,,,,,,,,,,,
1397029500,52418,0,0,0,0,0,0,,,,,,,,,,,,,
1397030400,52748,0,0,0,0,0,0,,,,,,,,,,,,,
1397031300,53332,0,0,0,0,0,0,,,,,,,,,,,,,
1397032200,52782,0,0,0,0,0,0,,,,,,,,,,,,,
1397033100,53981,0,0,0,0,0,0,,,,,,,,,,,,,
1397034000,55083,0,0,0,0,0,0,,,,,,,,,,,,,
1397034900,55295,0,0,0,0,0,0,,,,,,,,,,,,,
1397035800,55906,0,0,0,0,0,0,,,,,,,,,,,,,
1397036700,55884,0,0,0,0,0,0,,,,,,,,,,,,,
1397037600,56083,0,0,0,0,0,0,,,,,,,,,,,,,
1397038500,57008,0,0,0,0,0,0,,,,,,,,,,,,,
1397039400,55549,0,0,0,0,0,0,,,,,,,,,,,,,
1397040300,56342,0,0,0,0,0,0,,,,,,,,,,,,,
1397041200,56269,0,0,0,0,0,0,,,,,,,,,,,,,
1397042100,56121,0,0,0,0,0,0,,,,,,,,,,,,,
1397043000,54167,0,0,0,0,0,0,,,,,,,,,,,,,
1397043900,52480,0,0,0,0,0,0,,,,,,,,,,,,,
1397044800,51426,0,0,0,0,0,0,,,,,,,,,,,,,
1397045700,50093,0,0,0,0,0,0,,,,,,,,,,,,,
1397046600,49088,0,0,0,0,0,0,,,,,,,,,,,,,
1397047500,48035,0,0,0,0,0,0,,,,,,,,,,,,,
1397048400,46095,0,0,0,0,0,0,,,,,,,,,,,,,
1397049300,45441,0,0,0,0,0,0,,,,,,,,,,,,,
1397050200,44468,0,0,0,0,0,0,,,,,,,,,,,,,
1397051100,43273,0,0,0,0,0,0,,,,,,,,,,,,,
1397052000,42536,0,0,0,0,0,0,,,,,,,,,,,,,
1397052900,42069,0,0,0,0,0,0,,,,,,,,,,,,,
1397053800,41295,0,0,0,0,0,0,,,,,,,,,,,,,
1397054700,40636,0,0,0,0,0,0,,,,,,,,,,,,,
1397055600,39929,0,0,0,0,0,0,,,,,,,,,,,,,
1397056500,39250,0,0,0,0,0,0,,,,,,,,,,,,,
1397057400,39734,0,0,0,0,0,0,,,,,,,,,,,,,
1397058300,39187,0,0,0,0,0,0,,,,,,,,,,,,,
1397059200,39054,0,0,0,0,0,0,,,,,,,,,,,,,
1397060100,38774,0,0,0,0,0,0,,,,,,,,,,,,,
1397061000,38645,0,0,0,0,0,0,,,,,,,,,,,,,
1397061900,38833,0,0,0,0,0,0,,,,,,,,,,,,,
1397062800,38526,0,0,0,0,0,0,,,,,,,,,,,,,
1397063700,38533,0,0,0,0,0,0,,,,,,,,,,,,,
1397064600,38857,0,0,0,0,0,0,,,,,,,,,,,,,
1397065500,39004,0,0,0,0,0,0,,,,,,,,,,,,,
1397066400,39167,0,0,0,0,0,0,,,,,,,,,,,,,
1397067300,39344,0,0,0,0,0,0,,,,,,,,,,,,,
1397068200,40157,0,0,0,0,0,0,,,,,,,,,,,,,
1397069100,40528,0,0,0,0,0,0,,,,,,,,,,,,,
1397070000,41702,0,0,0,0,0,0,,,,,,,,,,,,,
1397070900,42748,0,0,0,0,0,0,,,,,,,,,,,,,
1397071800,43757,0,0,0,0,0,0,,,,,,,,,,,,,
1397072700,45052,0,0,0,0,0,0,,,,,,,,,,,,,
1397073600,45869,0,0,0,0,0,0,,,,,,,,,,,,,
1397074500,46781,0,0,0,0,0,0,,,,,,,,,,,,,
1397075400,47159,0,0,0,0,0,0,,,,,,,,,,,,,
1397076300,47598,0,0,0,0,0,0,,,,,,,,,,,,,
1397077200,48132,0,0,0,0,0,0,,,,,,,,,,,,,
1397078100,47982,0,0,0,0,0,0,,,,,,,,,,,,,
1397079000,47638,0,0,0,0,0,0,,,,,,,,,,,,,
1397079900,47665,0,0,0,0,0,0,,,,,,,,,,,,,
1397080800,47515,0,0,0,0,0,0,,,,,,,,,,,,,
1397081700,47582,0,0,0,0,0,0,,,,,,,,,,,,,
1397082600,47976,0,0,0,0,0,0,,,,,,,,,,,,,
1397083500,48433,0,0,0,0,0,0,,,,,,,,,,,,,
1397084400,49069,0,0,0,0,0,0,,,,,,,,,,,,,
1397085300,48898,0,0,0,0,0,0,,,,,,,,,,,,,
1397086200,49688,0,0,0,0,0,0,,,,,,,,,,,,,
1397087100,49088,0,0,0,0,0,0,,,,,,,,,,,,,
1397088000,49617,0,0,0,0,0,0,,,,,,,,,,,,,
1397088900,49491,0,0,0,0,0,0,,,,,,,,,,,,,
1397089800,48753,0,0,0,0,0,0,,,,,,,,,,,,,
1397090700,48140,0,0,0,0,0,0,,,,,,,,,,,,,
1397091600,49866,0,0,0,0,0,0,,,,,,,,,,,,,
1397092500,49343,0,0,0,0,0,0,,,,,,,,,,,,,
1397093400,48182,0,0,0,0,0,0,,,,,,,,,,,,,
1397094300,50459,0,0,0,0,0,0,,,,,,,,,,,,,
1397095200,49901,0,0,0,0,0,0,,,,,,,,,,,,,
1397096100,50883,0,0,0,0,0,0,,,,,,,,,,,,,
1397097000,50844,0,0,0,0,0,0,,,,,,,,,,,,,
1397097900,49760,0,0,0,0,0,0,,,,,,,,,,,,,
1397098800,50125,0,0,0,0,0,0,,,,,,,,,,,,,
1397099700,50318,0,0,0,0,0,0,,,,,,,,,,,,,
1397100600,50859,0,0,0,0,0,0,,,,,,,,,,,,,
1397101500,50133,0,0,0,0,0,0,,,,,,,,,,,,,
1397102400,50382,0,0,0,0,0,0,,,,,,,,,,,,,
1397103300,50642,0,0,0,0,0,0,,,,,,,,,,,,,
1397104200,50917,0,0,0,0,0,0,,,,,,,,,,,,,
1397105100,51558,0,0,0,0,0,0,,,,,,,,,,,,,
1397106000,51943,0,0,0,0,0,0,,,,,,,,,,,,,
1397106900,51214,0,0,0,0,0,0,,,,,,,,,,,,,
1397107800,52971,0,0,0,0,0,0,,,,,,,,,,,,,
1397108700,52162,0,0,0,0,0,0,,,,,,,,,,,,,
1397109600,52175,0,0,0,0,0,0,,,,,,,,,,,,,
1397110500,52672,0,0,0,0,0,0,,,,,,,,,,,,,
1397111400,53633,0,0,0,0,0,0,,,,,,,,,,,,,
1397112300,53570,0,0,0,0,0,0,,,,,,,,,,,,,
1397113200,52713,0,0,0,0,0,0,,,,,,,,,,,,,
1397114100,53041,0,0,0,0,0,0,,,,,,,,,,,,,
1397115000,53606,0,0,0,0,0,0,,,,,,,,,,,,,
1397115900,52813,0,0,0,0,0,0,,,,,,,,,,,,,
1397116800,52618,0,0,0,0,0,0,,,,,,,,,,,,,
1397117700,52892,0,0,0,0,0,0,,,,,,,,,,,,,
1397118600,53469,0,0,0,0,0,0,,,,,,,,,,,,,
1397119500,54790,0,0,0,0,0,0,,,,,,,,,,,,,
1397120400,51588,0,0,0,0,0,0,,,,,,,,,,,,,
1397121300,53701,0,0,0,0,0,0,,,,,,,,,,,,,
1397122200,53333,0,0,0,0,0,0,,,,,,,,,,,,,
1397123100,53360,0,0,0,0,0,0,,,,,,,,,,,,,
1397124000,53834,0,0,0,0,0,0,,,,,,,,,,,,,
1397124900,55009,0,0,0,0,0,0,,,,,,,,,,,,,
1397125800,54578,0,0,0,0,0,0,,,,,,,,,,,,,
1397126700,54833,0,0,0,0,0,0,,,,,,,,,,,,,
1397127600,53732,0,0,0,0,0,0,,,,,,,,,,,,,
1397128500,54092,0,0,0,0,0,0,,,,,,,,,,,,,
1397129400,52336,0,0,0,0,0,0,,,,,,,,,,,,,
1397130300,51396,0,0,0,0,0,0,,,,,,,,,,,,,
1397131200,50346,0,0,0,0,0,0,,,,,,,,,,,,,
1397132100,48726,0,0,0,0,0,0,,,,,,,,,,,,,
1397133000,46654,0,0,0,0,0,0,,,,,,,,,,,,,
1397133900,45644,0,0,0,0,0,0,,,,,,,,,,,,,
1397134800,44419,0,0,0,0,0,0,,,,,,,,,,,,,
1397135700,43944,0,0,0,0,0,0,,,,,,,,,,,,,
1397136600,42646,0,0,0,0,0,0,,,,,,,,,,,,,
1397137500,42083,0,0,0,0,0,0,,,,,,,,,,,,,
1397138400,41197,0,0,0,0,0,0,,,,,,,,,,,,,
1397139300,39430,0,0,0,0,0,0,,,,,,,,,,,,,
1397140200,39365,0,0,0,0,0,0,,,,,,,,,,,,,
1397141100,39077,0,0,0,0,0,0,,,,,,,,,,,,,
1397142000,38768,0,0,0,0,0,0,,,,,,,,,,,,,
1397142900,37852,0,0,0,0,0,0,,,,,,,,,,,,,
1397143800,37632,0,0,0,0,0,0,,,,,,,,,,,,,
1397144700,37769,0,0,0,0,0,0,,,,,,,,,,,,,
1397145600,37364,0,0,0,0,0,0,,,,,,,,,,,,,
1397146500,37446,0,0,0,0,0,0,,,,,,,,,,,,,
1397147400,37116,0,0,0,0,0,0,,,,,,,,,,,,,
1397148300,36375,0,0,0,0,0,0,,,,,,,,,,,,,
1397149200,36575,0,0,0,0,0,0,,,,,,,,,,,,,
1397150100,36739,0,0,0,0,0,0,,,,,,,,,,,,,
1397151000,37202,0,0,0,0,0,0,,,,,,,,,,,,,
1397151900,37014,0,0,0,0,0,0,,,,,,,,,,,,,
1397152800,37523,0,0,0,0,0,0,,,,,,,,,,,,,
1397153700,37974,0,0,0,0,0,0,,,,,,,,,,,,,
1397154600,38469,0,0,0,0,0,0,,,,,,,,,,,,,
1397155500,39404,0,0,0,0,0,0,,,,,,,,,,,,,
1397156400,40048,0,0,0,0,0,0,,,,,,,,,,,,,
1397157300,40892,0,0,0,0,0,0,,,,,,,,,,,,,
1397158200,42035,0,0,0,0,0,0,,,,,,,,,,,,,
1397159100,43128,0,0,0,0,0,0,,,,,,,,,,,,,
1397160000,44447,0,0,0,0,0,0,,,,,,,,,,,,,
1397160900,45034,0,0,0,0,0,0,,,,,,,,,,,,,
1397161800,45575,0,0,0,0,0,0,,,,,,,,,,,,,
1397162700,46310,0,0,0,0,0,0,,,,,,,,,,,,,
1397163600,46047,0,0,0,0,0,0,,,,,,,,,,,,,
1397164500,46796,0,0,0,0,0,0,,,,,,,,,,,,,
1397165400,46694,0,0,0,0,0,0,,,,,,,,,,,,,
1397166300,46361,0,0,0,0,0,0,,,,,,,,,,,,,
1397167200,47261,0,0,0,0,0,0,,,,,,,,,,,,,
1397168100,46585,0,0,0,0,0,0,,,,,,,,,,,,,
1397169000,46290,0,0,0,0,0,0,,,,,,,,,,,,,
1397169900,47698,0,0,0,0,0,0,,,,,,,,,,,,,
1397170800,47876,0,0,0,0,0,0,,,,,,,,,,,,,
1397171700,47784,0,0,0,0,0,0,,,,,,,,,,,,,
1397172600,48073,0,0,0,0,0,0,,,,,,,,,,,,,
1397173500,48216,0,0,0,0,0,0,,,,,,,,,,,,,
1397174400,46931,0,0,0,0,0,0,,,,,,,,,,,,,
1397175300,47591,0,0,0,0,0,0,,,,,,,,,,,,,
1397176200,47420,0,0,0,0,0,0,,,,,,,,,,,,,
1397177100,48125,0,0,0,0,0,0,,,,,,,,,,,,,
1397178000,47721,0,0,0,0,0,0,,,,,,,,,,,,,
1397178900,48626,0,0,0,0,0,0,,,,,,,,,,,,,
1397179800,49009,0,0,0,0,0,0,,,,,,,,,,,,,
1397180700,48970,0,0,0,0,0,0,,,,,,,,,,,,,
1397181600,49777,0,0,0,0,0,0,,,,,,,,,,,,,
1397182500,49393,0,0,0,0,0,0,,,,,,,,,,,,,
1397183400,49250,0,0,0,0,0,0,,,,,,,,,,,,,
1397184300,48567,0,0,0,0,0,0,,,,,,,,,,,,,
1397185200,48513,0,0,0,0,0,0,,,,,,,,,,,,,
1397186100,48899,0,0,0,0,0,0,,,,,,,,,,,,,
1397187000,49273,0,0,0,0,0,0,,,,,,,,,,,,,
1397187900,49164,0,0,0,0,0,0,,,,,,,,,,,,,
1397188800,47570,1,0,0,0,0,0,,,,,,,,,,,,,
1397189700,50018,0,0,0,0,0,0,,,,,,,,,,,,,
1397190600,50535,0,0,0,0,0,0,,,,,,,,,,,,,
1397191500,50138,0,0,0,0,0,0,,,,,,,,,,,,,
1397192400,49800,0,0,0,0,0,0,,,,,,,,,,,,,
1397193300,51488,0,0,0,0,0,0,,,,,,,,,,,,,
1397194200,51702,0,0,0,0,0,0,,,,,,,,,,,,,
1397195100,50776,0,0,0,0,0,0,,,,,,,,,,,,,
1397196000,51323,0,0,0,0,0,0,,,,,,,,,,,,,
1397196900,51715,0,0,0,0,0,0,,,,,,,,,,,,,
1397197800,51870,0,0,0,0,0,0,,,,,,,,,,,,,
1397198700,51656,0,0,0,0,0,0,,,,,,,,,,,,,
1397199600,51685,0,0,0,0,0,0,,,,,,,,,,,,,
1397200500,51811,0,0,0,0,0,0,,,,,,,,,,,,,
1397201400,51024,0,0,0,0,0,0,,,,,,,,,,,,,
1397202300,51936,0,0,0,0,0,0,,,,,,,,,,,,,
1397203200,50567,0,0,0,0,0,0,,,,,,,,,,,,,
1397204100,52227,0,0,0,0,0,0,,,,,,,,,,,,,
1397205000,52451,0,0,0,0,0,0,,,,,,,,,,,,,
1397205900,52241,0,0,0,0,0,0,,,,,,,,,,,,,
1397206800,52680,0,0,0,0,0,0,,,,,,,,,,,,,
1397207700,53057,0,0,0,0,0,0,,,,,,,,,,,,,
1397208600,51834,0,0,0,0,0,0,,,,,,,,,,,,,
1397209500,53779,0,0,0,0,0,0,,,,,,,,,,,,,
1397210400,53466,0,0,0,0,0,0,,,,,,,,,,,,,
1397211300,52179,0,0,0,0,0,0,,,,,,,,,,,,,
1397212200,53388,0,0,0,0,0,0,,,,,,,,,,,,,
1397213100,53618,0,0,0,0,0,0,,,,,,,,,,,,,
1397214000,53448,0,0,0,0,0,0,,,,,,,,,,,,,
1397214900,51942,0,0,0,0,0,0,,,,,,,,,,,,,
1397215800,52477,0,0,0,0,0,0,,,,,,,,,,,,,
1397216700,50826,0,0,0,0,0,0,,,,,,,,,,,,,
1397217600,50242,0,0,0,0,0,0,,,,,,,,,,,,,
1397218500,49062,0,0,0,0,0,0,,,,,,,,,,,,,
1397219400,47658,0,0,0,0,0,0,,,,,,,,,,,,,
1397220300,46958,0,0,0,0,0,0,,,,,,,,,,,,,
1397221200,45191,0,0,0,0,0,0,,,,,,,,,,,,,
1397222100,44985,0,0,0,0,0,0,,,,,,,,,,,,,
1397223000,43411,0,0,0,0,0,0,,,,,,,,,,,,,
1397223900,42802,0,0,0,0,0,0,,,,,,,,,,,,,
1397224800,42250,0,0,0,0,0,0,,,,,,,,,,,,,
1397225700,41264,0,0,0,0,0,0,,,,,,,,,,,,,
1397226600,40609,0,0,0,0,0,0,,,,,,,,,,,,,
1397227500,40381,0,0,0,0,0,0,,,,,,,,,,,,,
1397228400,39721,0,0,0,0,0,0,,,,,,,,,,,,,
1397229300,39330,0,0,0,0,0,0,,,,,,,,,,,,,
1397230200,39226,0,0,0,0,0,0,,,,,,,,,,,,,
1397231100,38224,0,0,0,0,0,0,,,,,,,,,,,,,
1397232000,37857,0,0,0,0,0,0,,,,,,,,,,,,,
1397232900,38016,0,0,0,0,0,0,,,,,,,,,,,,,
1397233800,37525,0,0,0,0,0,0,,,,,,,,,,,,,
1397234700,37396,0,0,0,0,0,0,,,,,,,,,,,,,
1397235600,36910,0,0,0,0,0,0,,,,,,,,,,,,,
1397236500,36883,0,0,0,0,0,0,,,,,,,,,,,,,
1397237400,37109,0,0,0,0,0,0,,,,,,,,,,,,,
1397238300,37080,0,0,0,0,0,0,,,,,,,,,,,,,
1397239200,35791,1,0,0,0,0,0,,,,,,,,,,,,,
1397240100,37348,0,0,0,0,0,0,,,,,,,,,,,,,
1397241000,37668,0,0,0,0,0,0,,,,,,,,,,,,,
1397241900,37993,0,0,0,0,0,0,,,,,,,,,,,,,
1397242800,38496,0,0,0,0,0,0,,,,,,,,,,,,,
1397243700,39018,0,0,0,0,0,0,,,,,,,,,,,,,
1397244600,39736,0,0,0,0,0,0,,,,,,,,,,,,,
1397245500,40502,0,0,0,0,0,0,,,,,,,,,,,,,
1397246400,41624,0,0,0,0,0,0,,,,,,,,,,,,,
1397247300,42088,0,0,0,0,0,0,,,,,,,,,,,,,
1397248200,42866,0,0,0,0,0,0,,,,,,,,,,,,,
1397249100,45552,0,0,0,0,0,0,,,,,,,,,,,,,
1397250000,45377,0,0,0,0,0,0,,,,,,,,,,,,,
1397250900,46306,0,0,0,0,0,0,,,,,,,,,,,,,
1397251800,46538,0,0,0,0,0,0,,,,,,,,,,,,,
1397252700,47457,0,0,0,0,0,0,,,,,,,,,,,,,
1397253600,47689,0,0,0,0,0,0,,,,,,,,,,,,,
1397254500,48370,0,0,0,0,0,0,,,,,,,,,,,,,
1397255400,47886,0,0,0,0,0,0,,,,,,,,,,,,,
1397256300,47713,0,0,0,0,0,0,,,,,,,,,,,,,
1397257200,48111,0,0,0,0,0,0,,,,,,,,,,,,,
1397258100,47860,0,0,0,0,0,0,,,,,,,,,,,,,
1397259000,46942,0,0,0,0,0,0,,,,,,,,,,,,,
1397259900,47728,0,0,0,0,0,0,,,,,,,,,,,,,
1397260800,48337,0,0,0,0,0,0,,,,,,,,,,,,,
1397261700,48553,0,0,0,0,0,0,,,,,,,,,,,,,
1397262600,48185,0,0,0,0,0,0,,,,,,,,,,,,,
1397263500,47866,0,0,0,0,0,0,,,,,,,,,,,,,
1397264400,48179,0,0,0,0,0,0,,,,,,,,,,,,,
1397265300,48082,0,0,0,0,0,0,,,,,,,,,,,,,
1397266200,47632,0,0,0,0,0,0,,,,,,,,,,,,,
1397267100,47644,0,0,0,0,0,0,,,,,,,,,,,,,
1397268000,48564,0,0,0,0,0,0,,,,,,,,,,,,,
1397268900,48181,0,0,0,0,0,0,,,,,,,,,,,,,
1397269800,48047,0,0,0,0,0,0,,,,,,,,,,,,,
1397270700,47263,0,0,0,0,0,0,,,,,,,,,,,,,
1397271600,48894,0,0,0,0,0,0,,,,,,,,,,,,,
1397272500,49392,0,0,0,0,0,0,,,,,,,,,,,,,
1397273400,48565,0,0,0,0,0,0,,,,,,,,,,,,,
1397274300,49368,0,0,0,0,0,0,,,,,,,,,,,,,
1397275200,49293,0,0,0,0,0,0,,,,,,,,,,,,,
1397276100,49204,0,0,0,0,0,0,,,,,,,,,,,,,
1397277000,49340,0,0,0,0,0,0,,,,,,,,,,,,,
1397277900,49584,0,0,0,0,0,0,,,,,,,,,,,,,
1397278800,50018,0,0,0,0,0,0,,,,,,,,,,,,,
1397279700,50517,0,0,0,0,0,0,,,,,,,,,,,,,
1397280600,50635,0,0,0,0,0,0,,,,,,,,,,,,,
1397281500,50024,0,0,0,1,0,0,,,,,,,,,,,,,
1397282400,44143,1,0,1,0,0,0,,,,,,,,,,,,,
1397283300,49100,0,0,1,0,1,0,,,,,,,,,,,,,
1397284200,49852,0,0,0,0,1,0,,,,,,,,,,,,,
1397285100,50017,0,0,0,0,0,0,,,,,,,,,,,,,
1397286000,49720,0,0,0,0,0,0,,,,,,,,,,,,,
1397286900,49572,0,0,0,0,0,0,,,,,,,,,,,,,
1397287800,50208,0,0,0,0,0,0,,,,,,,,,,,,,
1397288700,49484,0,0,0,0,0,0,,,,,,,,,,,,,
1397289600,49199,0,0,0,0,0,0,,,,,,,,,,,,,
1397290500,49809,0,0,0,0,0,0,,,,,,,,,,,,,
1397291400,49764,0,0,0,0,0,0,,,,,,,,,,,,,
1397292300,49592,0,0,0,0,0,0,,,,,,,,,,,,,
1397293200,50386,0,0,0,0,0,0,,,,,,,,,,,,,
1397294100,50138,0,0,0,0,0,0,,,,,,,,,,,,,
1397295000,51318,0,0,0,0,0,0,,,,,,,,,,,,,
1397295900,51936,0,0,0,0,0,0,,,,,,,,,,,,,
1397296800,51747,0,0,0,0,0,0,,,,,,,,,,,,,
1397297700,51719,0,0,0,0,0,0,,,,,,,,,,,,,
1397298600,52159,0,0,0,0,0,0,,,,,,,,,,,,,
1397299500,52163,0,0,0,0,0,0,,,,,,,,,,,,,
1397300400,50927,0,0,0,0,0,0,,,,,,,,,,,,,
1397301300,51798,0,0,0,0,0,0,,,,,,,,,,,,,
1397302200,50934,0,0,0,0,0,0,,,,,,,,,,,,,
1397303100,50484,0,0,0,0,0,0,,,,,,,,,,,,,
1397304000,50299,0,0,0,0,0,0,,,,,,,,,,,,,
1397304900,49599,0,0,0,0,0,0,,,,,,,,,,,,,
1397305800,48793,0,0,0,0,0,0,,,,,,,,,,,,,
1397306700,47220,0,0,0,0,0,0,,,,,,,,,,,,,
1397307600,46939,0,0,0,0,0,0,,,,,,,,,,,,,
1397308500,45865,0,0,0,0,0,0,,,,,,,,,,,,,
1397309400,44209,0,0,0,0,0,0,,,,,,,,,,,,,
1397310300,43855,0,0,0,0,0,0,,,,,,,,,,,,,
1397311200,42585,0,0,0,0,0,0,,,,,,,,,,,,,
1397312100,42149,0,0,0,0,0,0,,,,,,,,,,,,,
1397313000,41476,0,0,0,0,0,0,,,,,,,,,,,,,
1397313900,40553,0,0,0,0,0,0,,,,,,,,,,,,,
1397314800,40092,0,0,0,0,0,0,,,,,,,,,,,,,
1397315700,38906,0,0,0,0,0,0,,,,,,,,,,,,,
1397316600,39085,0,0,0,0,0,0,,,,,,,,,,,,,
1397317500,38419,0,0,0,0,0,0,,,,,,,,,,,,,
1397318400,38144,0,0,0,0,0,0,,,,,,,,,,,,,
1397319300,38027,0,0,0,0,0,0,,,,,,,,,,,,,
1397320200,37859,0,0,0,0,0,0,,,,,,,,,,,,,
1397321100,37712,0,0,0,0,0,0,,,,,,,,,,,,,
1397322000,37402,0,0,0,0,0,0,,,,,,,,,,,,,
1397322900,37308,0,0,0,0,0,0,,,,,,,,,,,,,
1397323800,36530,0,0,0,0,0,0,,,,,,,,,,,,,
1397324700,36827,0,0,0,0,0,0,,,,,,,,,,,,,
1397325600,36782,0,0,0,0,0,0,,,,,,,,,,,,,
1397326500,36828,0,0,0,0,0,0,,,,,,,,,,,,,
1397327400,36947,0,0,0,0,0,0,,,,,,,,,,,,,
1397328300,37269,0,0,0,0,0,0,,,,,,,,,,,,,
1397329200,37536,0,0,0,0,0,0,,,,,,,,,,,,,
1397330100,38052,0,0,0,0,0,0,,,,,,,,,,,,,
1397331000,38745,0,0,0,0,0,0,,,,,,,,,,,,,
1397331900,39354,0,0,0,0,0,0,,,,,,,,,,,,,
1397332800,40719,0,0,0,0,0,0,,,,,,,,,,,,,
1397333700,41987,0,0,0,0,0,0,,,,,,,,,,,,,
1397334600,43783,0,0,0,0,0,0,,,,,,,,,,,,,
1397335500,44498,0,0,0,0,0,0,,,,,,,,,,,,,
1397336400,45268,0,0,0,0,0,0,,,,,,,,,,,,,
1397337300,46766,0,0,0,0,0,0,,,,,,,,,,,,,
1397338200,47269,0,0,0,0,0,0,,,,,,,,,,,,,
1397339100,48014,0,0,0,0,0,0,,,,,,,,,,,,,
1397340000,48225,0,0,0,0,0,0,,,,,,,,,,,,,
1397340900,47625,0,0,0,0,0,0,,,,,,,,,,,,,
1397341800,48767,0,0,0,0,0,0,,,,,,,,,,,,,
1397342700,48086,0,0,0,0,0,0,,,,,,,,,,,,,
1397343600,48477,0,0,0,0,0,0,,,,,,,,,,,,,
1397344500,48655,0,0,0,0,0,0,,,,,,,,,,,,,
1397345400,48769,0,0,0,0,0,0,,,,,,,,,,,,,
1397346300,49181,0,0,0,0,0,0,,,,,,,,,,,,,
1397347200,46908,0,0,0,0,0,0,,,,,,,,,,,,,
1397348100,48468,0,0,0,0,0,0,,,,,,,,,,,,,
1397349000,47532,0,0,0,0,0,0,,,,,,,,,,,,,
1397349900,47783,0,0,0,0,0,0,,,,,,,,,,,,,
1397350800,48381,0,0,0,0,0,0,,,,,,,,,,,,,
1397351700,47653,0,0,0,0,0,0,,,,,,,,,,,,,
1397352600,47575,0,0,0,0,0,0,,,,,,,,,,,,,
1397353500,47001,0,0,0,0,0,0,,,,,,,,,,,,,
1397354400,47994,0,0,0,0,0,0,,,,,,,,,,,,,
1397355300,48515,0,0,0,0,0,0,,,,,,,,,,,,,
1397356200,47709,0,0,0,0,0,0,,,,,,,,,,,,,
1397357100,48030,0,0,0,0,0,0,,,,,,,,,,,,,
1397358000,48228,0,0,0,0,0,0,,,,,,,,,,,,,
1397358900,49039,0,0,0,0,0,0,,,,,,,,,,,,,
1397359800,49047,0,0,0,0,0,0,,,,,,,,,,,,,
1397360700,48971,0,0,0,0,0,0,,,,,,,,,,,,,
1397361600,48775,0,0,0,0,0,0,,,,,,,,,,,,,
1397362500,49260,0,0,0,0,0,0,,,,,,,,,,,,,
1397363400,48840,0,0,0,0,0,0,,,,,,,,,,,,,
1397364300,49654,0,0,0,0,0,0,,,,,,,,,,,,,
1397365200,49147,0,0,0,0,0,0,,,,,,,,,,,,,
1397366100,49429,0,0,0,0,0,0,,,,,,,,,,,,,
1397367000,49023,0,0,0,0,0,0,,,,,,,,,,,,,
1397367900,50200,0,0,0,0,0,0,,,,,,,,,,,,,
1397368800,50190,0,0,0,0,0,1,,,,,,,,,,,,,
1397369700,50252,0,0,0,0,0,0,,,,,,,,,,,,,
1397370600,49911,0,0,0,0,0,0,,,,,,,,,,,,,
1397371500,50389,0,0,0,0,0,0,,,,,,,,,,,,,
1397372400,49750,0,0,0,0,0,0,,,,,,,,,,,,,
1397373300,50587,0,0,0,0,0,0,,,,,,,,,,,,,
1397374200,49719,0,0,0,0,0,0,,,,,,,,,,,,,
1397375100,49424,0,0,0,0,0,0,,,,,,,,,,,,,
1397376000,49357,0,0,0,0,0,0,,,,,,,,,,,,,
1397376900,50191,0,0,0,0,0,0,,,,,,,,,,,,,
1397377800,50491,0,0,0,0,0,0,,,,,,,,,,,,,
1397378700,50487,0,0,0,0,0,0,,,,,,,,,,,,,
1397379600,51568,0,0,0,0,0,0,,,,,,,,,,,,,
1397380500,50721,0,0,0,0,0,0,,,,,,,,,,,,,
1397381400,51204,0,0,0,0,0,0,,,,,,,,,,,,,
1397382300,51133,0,0,0,0,0,0,,,,,,,,,,,,,
1397383200,51333,0,0,0,0,0,0,,,,,,,,,,,,,
1397384100,52420,0,0,0,0,0,0,,,,,,,,,,,,,
1397385000,53944,0,0,0,0,0,0,,,,,,,,,,,,,
1397385900,52495,0,0,0,0,0,0,,,,,,,,,,,,,
1397386800,53110,0,0,0,0,0,0,,,,,,,,,,,,,
1397387700,52571,0,0,0,0,0,0,,,,,,,,,,,,,
1397388600,50923,0,0,0,0,0,0,,,,,,,,,,,,,
1397389500,51520,0,0,0,0,0,0,,,,,,,,,,,,,
1397390400,49964,0,0,0,0,0,0,,,,,,,,,,,,,
1397391300,49685,0,0,0,0,0,0,,,,,,,,,,,,,
1397392200,47731,0,0,0,0,0,0,,,,,,,,,,,,,
1397393100,47315,0,0,0,0,0,0,,,,,,,,,,,,,
1397394000,45777,0,0,0,0,0,0,,,,,,,,,,,,,
1397394900,43822,0,0,0,0,0,0,,,,,,,,,,,,,
1397395800,43752,0,0,0,0,0,0,,,,,,,,,,,,,
1397396700,42607,0,0,0,0,0,0,,,,,,,,,,,,,
1397397600,41464,0,0,0,0,0,0,,,,,,,,,,,,,
1397398500,40829,0,0,0,0,0,0,,,,,,,,,,,,,
1397399400,40260,0,0,0,0,0,0,,,,,,,,,,,,,
1397400300,39489,0,0,0,0,0,0,,,,,,,,,,,,,
1397401200,39336,0,0,0,0,0,0,,,,,,,,,,,,,
1397402100,38421,0,0,0,0,0,0,,,,,,,,,,,,,
1397403000,38417,0,0,0,0,0,1,,,,,,,,,,,,,
1397403900,37628,0,0,0,0,0,0,,,,,,,,,,,,,
1397404800,37291,0,0,0,0,0,0,,,,,,,,,,,,,
1397405700,37187,0,0,0,0,0,0,,,,,,,,,,,,,
1397406600,37341,0,0,0,0,0,0,,,,,,,,,,,,,
1397407500,36823,0,0,0,0,0,0,,,,,,,,,,,,,
1397408400,37224,0,0,0,0,0,0,,,,,,,,,,,,,
1397409300,36313,0,0,0,0,0,0,,,,,,,,,,,,,
1397410200,36631,0,0,0,0,0,0,,,,,,,,,,,,,
1397411100,36371,0,0,0,0,0,0,,,,,,,,,,,,,
1397412000,36585,0,0,0,0,0,0,,,,,,,,,,,,,
1397412900,36584,0,0,0,0,0,1,,,,,,,,,,,,,
1397413800,37219,0,0,0,0,0,0,,,,,,,,,,,,,
1397414700,37603,0,0,0,0,0,0,,,,,,,,,,,,,
1397415600,38083,0,0,0,0,0,0,,,,,,,,,,,,,
1397416500,38720,0,0,0,0,0,0,,,,,,,,,,,,,
1397417400,39202,0,0,0,0,0,0,,,,,,,,,,,,,
1397418300,40827,0,0,0,0,0,0,,,,,,,,,,,,,
1397419200,42552,0,0,0,0,0,0,,,,,,,,,,,,,
1397420100,44158,0,0,0,0,0,0,,,,,,,,,,,,,
1397421000,44989,0,0,0,0,0,0,,,,,,,,,,,,,
1397421900,45767,0,0,0,0,0,0,,,,,,,,,,,,,
1397422800,47117,0,0,0,0,0,0,,,,,,,,,,,,,
1397423700,46746,0,0,0,0,0,0,,,,,,,,,,,,,
1397424600,47268,0,0,0,0,0,0,,,,,,,,,,,,,
1397425500,47770,0,0,0,0,0,0,,,,,,,,,,,,,
1397426400,47977,0,0,0,0,0,0,,,,,,,,,,,,,
1397427300,48256,0,0,0,0,0,0,,,,,,,,,,,,,
1397428200,47637,0,0,0,0,0,0,,,,,,,,,,,,,
1397429100,47457,0,0,0,0,0,0,,,,,,,,,,,,,
1397430000,48026,0,0,0,0,0,0,,,,,,,,,,,,,
1397430900,47660,0,0,0,0,0,0,,,,,,,,,,,,,
1397431800,47730,0,0,0,0,0,0,,,,,,,,,,,,,
1397432700,47602,0,0,0,0,0,0,,,,,,,,,,,,,
1397433600,47930,0,0,0,0,0,0,,,,,,,,,,,,,
1397434500,47858,0,0,0,0,0,0,,,,,,,,,,,,,
1397435400,48042,0,0,0,0,0,0,,,,,,,,,,,,,
1397436300,48105,0,0,0,0,0,0,,,,,,,,,,,,,
1397437200,48303,0,0,0,0,0,0,,,,,,,,,,,,,
1397438100,47879,0,0,0,0,0,0,,,,,,,,,,,,,
1397439000,47825,0,0,0,0,0,0,,,,,,,,,,,,,
1397439900,47425,0,0,0,0,0,0,,,,,,,,,,,,,
1397440800,48803,0,0,0,0,0,0,,,,,,,,,,,,,
1397441700,50432,0,0,0,0,0,0,,,,,,,,,,,,,
1397442600,50229,0,0,0,0,0,0,,,,,,,,,,,,,
1397443500,50676,0,0,0,0,0,0,,,,,,,,,,,,,
1397444400,50843,0,0,0,0,0,0,,,,,,,,,,,,,
1397445300,50887,0,0,0,0,0,0,,,,,,,,,,,,,
1397446200,50475,0,0,0,0,0,0,,,,,,,,,,,,,
1397447100,49296,0,0,0,0,0,0,,,,,,,,,,,,,
1397448000,49457,0,0,0,0,0,0,,,,,,,,,,,,,
1397448900,49820,0,0,0,0,0,0,,,,,,,,,,,,,
1397449800,49822,0,0,0,0,0,1,,,,,,,,,,,,,
1397450700,49966,0,0,0,0,0,0,,,,,,,,,,,,,
1397451600,49359,0,0,0,0,0,0,,,,,,,,,,,,,
1397452500,49957,0,0,0,0,0,0,,,,,,,,,,,,,
1397453400,50201,0,0,0,0,0,0,,,,,,,,,,,,,
1397454300,49684,0,0,0,0,0,0,,,,,,,,,,,,,
1397455200,46494,1,0,0,1,0,0,,,,,,,,,,,,,
1397456100,43794,1,0,0,0,0,0,,,,,,,,,,,,,
1397457000,44843,0,0,0,0,0,0,,,,,,,,,,,,,
1397457900,44755,0,0,0,0,0,0,,,,,,,,,,,,,
1397458800,44830,0,0,0,0,0,0,,,,,,,,,,,,,
1397459700,45391,0,0,0,0,0,0,,,,,,,,,,,,,
1397460600,44998,0,0,0,0,0,0,,,,,,,,,,,,,
1397461500,45633,0,0,0,0,0,0,,,,,,,,,,,,,
1397462400,44773,0,0,0,0,0,0,,,,,,,,,,,,,
1397463300,46090,0,0,0,0,0,0,,,,,,,,,,,,,
1397464200,46144,0,0,0,0,0,0,,,,,,,,,,,,,
1397465100,46572,0,0,0,0,0,0,,,,,,,,,,,,,
1397466000,46281,0,0,0,0,0,0,,,,,,,,,,,,,
1397466900,46032,0,0,0,0,0,0,,,,,,,,,,,,,
1397467800,45965,0,0,0,0,0,0,,,,,,,,,,,,,
1397468700,46842,0,0,0,0,0,0,,,,,,,,,,,,,
1397469600,46947,0,0,0,0,0,0,,,,,,,,,,,,,
1397470500,47873,0,0,0,0,0,0,,,,,,,,,,,,,
1397471400,48189,0,0,0,0,0,0,,,,,,,,,,,,,
1397472300,47551,0,0,0,0,0,0,,,,,,,,,,,,,
1397473200,46698,0,0,0,0,0,0,,,,,,,,,,,,,
1397474100,48566,0,0,0,0,0,0,,,,,,,,,,,,,
1397475000,46835,0,0,0,0,0,0,,,,,,,,,,,,,
1397475900,46426,0,0,0,0,0,0,,,,,,,,,,,,,
1397476800,45914,0,0,0,0,0,0,,,,,,,,,,,,,
1397477700,44957,0,0,0,0,0,0,,,,,,,,,,,,,
1397478600,44536,0,0,0,0,0,0,,,,,,,,,,,,,
1397479500,43421,0,0,0,0,0,0,,,,,,,,,,,,,
1397480400,41551,0,0,0,0,0,0,,,,,,,,,,,,,
1397481300,41228,0,0,0,0,0,0,,,,,,,,,,,,,
1397482200,39595,0,0,0,0,0,0,,,,,,,,,,,,,
1397483100,38112,0,0,0,1,0,0,,,,,,,,,,,,,
1397484000,33782,1,1,1,0,0,0,,,,,,,,,,,,,
1397484900,33432,1,1,0,0,1,0,,,,,,,,,,,,,
1397485800,32016,1,1,0,0,0,0,,,,,,,,,,,,,
1397486700,31888,1,1,0,0,0,0,,,,,,,,,,,,,
1397487600,31149,1,1,0,0,0,0,,,,,,,,,,,,,
1397488500,30507,1,1,0,0,0,0,,,,,,,,,,,,,
1397489400,30222,1,1,0,0,0,0,,,,,,,,,,,,,
1397490300,29844,1,1,0,0,0,0,,,,,,,,,,,,,
1397491200,29514,1,1,0,0,0,0,,,,,,,,,,,,,
1397492100,29359,1,1,0,0,0,0,,,,,,,,,,,,,
1397493000,29451,1,1,0,0,0,0,,,,,,,,,,,,,
1397493900,28880,1,1,0,0,0,0,,,,,,,,,,,,,
1397494800,29215,1,1,0,0,0,0,,,,,,,,,,,,,
1397495700,28777,1,1,0,0,0,0,,,,,,,,,,,,,
1397496600,28968,1,1,0,0,0,0,,,,,,,,,,,,,
1397497500,29032,1,1,0,0,0,0,,,,,,,,,,,,,
1397498400,29412,1,1,0,0,0,0,,,,,,,,,,,,,
1397499300,29489,1,1,0,0,0,0,,,,,,,,,,,,,
1397500200,29621,1,1,0,0,0,0,,,,,,,,,,,,,
1397501100,29875,1,1,0,0,0,0,,,,,,,,,,,,,
1397502000,29951,1,1,0,0,0,0,,,,,,,,,,,,,
1397502900,31023,1,1,0,0,0,0,,,,,,,,,,,,,
1397503800,31540,1,1,0,0,0,0,,,,,,,,,,,,,
1397504700,32809,1,1,0,0,0,0,,,,,,,,,,,,,
1397505600,33833,1,1,0,0,0,0,,,,,,,,,,,,,
1397506500,35089,0,0,0,0,0,0,,,,,,,,,,,,,
1397507400,36685,0,0,0,0,0,0,,,,,,,,,,,,,
1397508300,38448,0,0,0,0,0,0,,,,,,,,,,,,,
1397509200,38448,0,0,0,0,0,0,,,,,,,,,,,,,
1397510100,37777,0,0,0,0,0,0,,,,,,,,,,,,,
1397511000,39281,0,0,0,0,0,0,,,,,,,,,,,,,
1397511900,38835,0,0,0,0,0,0,,,,,,,,,,,,,
1397512800,39278,0,0,0,0,0,0,,,,,,,,,,,,,
1397513700,39343,0,0,0,0,0,0,,,,,,,,,,,,,
1397514600,39027,0,0,0,0,0,0,,,,,,,,,,,,,
1397515500,38460,0,0,0,0,0,0,,,,,,,,,,,,,
1397516400,38746,0,0,0,0,0,0,,,,,,,,,,,,,
1397517300,38247,0,0,0,0,0,0,,,,,,,,,,,,,
1397518200,38693,0,0,0,1,0,0,,,,,,,,,,,,,
1397519100,44658.5,0,0,1,1,0,0,,,,,,,,,,,,,
1397520000,44617.5,0,0,0,0,1,1,,,,,,,,,,,,,
1397520900,44381,0,0,0,0,0,0,,,,,,,,,,,,,
1397521800,44157,0,0,0,0,0,0,,,,,,,,,,,,,
1397522700,44447,0,0,0,0,0,0,,,,,,,,,,,,,
1397523600,44595,0,0,0,0,0,0,,,,,,,,,,,,,
1397524500,44907.5,0,0,0,0,0,0,,,,,,,,,,,,,
1397525400,45212.5,0,0,0,0,0,0,,,,,,,,,,,,,
1397526300,44722,0,0,0,0,0,0,,,,,,,,,,,,,
1397527200,45077,0,0,0,0,0,0,,,,,,,,,,,,,
1397528100,46264.5,0,0,0,0,0,0,,,,,,,,,,,,,
1397529000,46306.5,0,0,0,0,0,0,,,,,,,,,,,,,
1397529900,46256,0,0,0,0,0,0,,,,,,,,,,,,,
1397530800,45481.5,0,0,0,0,0,0,,,,,,,,,,,,,
1397531700,45801.5,0,0,0,0,0,0,,,,,,,,,,,,,
1397532600,45422.5,0,0,0,0,0,0,,,,,,,,,,,,,
1397533500,44792.5,0,0,0,0,0,0,,,,,,,,,,,,,
1397534400,43321.5,1,0,0,0,0,0,,,,,,,,,,,,,
1397535300,45527,0,0,0,0,0,0,,,,,,,,,,,,,
1397536200,45694,0,0,0,0,0,0,,,,,,,,,,,,,
1397537100,45746.5,0,0,0,0,0,0,,,,,,,,,,,,,
1397538000,45972.5,0,0,0,0,0,0,,,,,,,,,,,,,
1397538900,46480.5,0,0,0,0,0,0,,,,,,,,,,,,,
1397539800,46808,0,0,0,0,0,0,,,,,,,,,,,,,
1397540700,46917.5,0,0,0,0,0,0,,,,,,,,,,,,,
1397541600,47399.5,0,0,0,0,0,0,,,,,,,,,,,,,
1397542500,47509.5,0,0,0,0,0,0,,,,,,,,,,,,,
1397543400,47542.5,0,0,0,0,0,0,,,,,,,,,,,,,
1397544300,47301.5,0,0,0,0,0,0,,,,,,,,,,,,,
1397545200,46821,0,0,0,0,0,0,,,,,,,,,,,,,
1397546100,47133.5,0,0,0,0,0,0,,,,,,,,,,,,,
1397547000,47478.5,0,0,0,0,0,0,,,,,,,,,,,,,
1397547900,47422.5,0,0,0,0,0,0,,,,,,,,,,,,,
1397548800,47056,0,0,0,0,0,0,,,,,,,,,,,,,
1397549700,47711,0,0,0,0,0,0,,,,,,,,,,,,,
1397550600,46459,0,0,0,0,0,0,,,,,,,,,,,,,
1397551500,48472,0,0,0,0,0,0,,,,,,,,,,,,,
1397552400,48398,0,0,0,0,0,0,,,,,,,,,,,,,
1397553300,49243,0,0,0,0,0,0,,,,,,,,,,,,,
1397554200,49504.5,0,0,0,0,0,0,,,,,,,,,,,,,
1397555100,49287,0,0,0,0,0,0,,,,,,,,,,,,,
1397556000,50033,0,0,0,0,0,0,,,,,,,,,,,,,
1397556900,49866.5,0,0,0,0,0,0,,,,,,,,,,,,,
1397557800,50054.5,0,0,0,0,0,0,,,,,,,,,,,,,
1397558700,49652.5,0,0,0,0,0,0,,,,,,,,,,,,,
1397559600,50002,0,0,0,0,0,0,,,,,,,,,,,,,
1397560500,49125.5,0,0,0,0,0,0,,,,,,,,,,,,,
1397561400,48799,0,0,0,0,0,0,,,,,,,,,,,,,
1397562300,47700,0,0,0,0,0,0,,,,,,,,,,,,,
1397563200,46907,0,0,0,0,0,0,,,,,,,,,,,,,
1397564100,45753,0,0,0,0,0,0,,,,,,,,,,,,,
1397565000,44480.5,0,0,0,0,0,0,,,,,,,,,,,,,
1397565900,43476,0,0,0,0,0,0,,,,,,,,,,,,,
1397566800,42035,0,0,0,0,0,0,,,,,,,,,,,,,
1397567700,40743,0,0,0,0,0,0,,,,,,,,,,,,,
1397568600,39026.5,0,0,0,0,0,0,,,,,,,,,,,,,
1397569500,39096,0,0,0,1,0,0,,,,,,,,,,,,,
1397570400,18735.5,1,1,1,1,0,0,,,,,,,,,,,,,
1397571300,39483,0,0,1,1,1,0,,,,,,,,,,,,,
1397572200,38598.5,0,0,0,1,1,0,,,,,,,,,,,,,
1397573100,38549.5,0,0,0,1,0,0,,,,,,,,,,,,,
1397574000,37807,0,0,0,0,0,0,,,,,,,,,,,,,
1397574900,37139,0,0,0,0,0,0,,,,,,,,,,,,,
1397575800,36038,0,0,0,0,0,0,,,,,,,,,,,,,
1397576700,36701,0,0,0,0,0,0,,,,,,,,,,,,,
1397577600,36455,0,0,0,0,0,0,,,,,,,,,,,,,
1397578500,35226.5,0,0,0,0,0,0,,,,,,,,,,,,,
1397579400,35601.5,0,0,0,0,0,0,,,,,,,,,,,,,
1397580300,35918.5,0,0,0,0,0,0,,,,,,,,,,,,,
1397581200,36019,0,0,0,0,0,0,,,,,,,,,,,,,
1397582100,35827,0,0,0,0,0,0,,,,,,,,,,,,,
1397583000,35816.5,0,0,0,0,0,0,,,,,,,,,,,,,
1397583900,35954,0,0,0,0,0,0,,,,,,,,,,,,,
1397584800,36060,0,0,0,0,0,0,,,,,,,,,,,,,
1397585700,36488,0,0,0,0,0,0,,,,,,,,,,,,,
1397586600,36787,0,0,0,0,0,0,,,,,,,,,,,,,
1397587500,37319.5,0,0,0,0,0,0,,,,,,,,,,,,,
1397588400,37830,0,0,0,0,0,0,,,,,,,,,,,,,
1397589300,38830.5,0,0,0,0,0,0,,,,,,,,,,,,,
1397590200,39602.5,0,0,0,0,0,0,,,,,,,,,,,,,
1397591100,40556,0,0,0,0,0,0,,,,,,,,,,,,,
1397592000,42182,0,0,0,0,0,0,,,,,,,,,,,,,
1397592900,43488,0,0,0,0,0,0,,,,,,,,,,,,,
1397593800,43816.5,0,0,0,0,0,0,,,,,,,,,,,,,
1397594700,44075.5,0,0,0,0,0,0,,,,,,,,,,,,,
1397595600,45090,0,0,0,0,0,0,,,,,,,,,,,,,
1397596500,45055,0,0,0,0,0,0,,,,,,,,,,,,,
1397597400,45159,0,0,0,0,0,0,,,,,,,,,,,,,
1397598300,44891.5,0,0,0,0,0,0,,,,,,,,,,,,,
1397599200,44806,0,0,0,0,0,0,,,,,,,,,,,,,
1397600100,45445,0,0,0,0,0,0,,,,,,,,,,,,,
1397601000,45082.5,0,0,0,0,0,0,,,,,,,,,,,,,
1397601900,44883,0,0,0,0,0,0,,,,,,,,,,,,,
1397602800,45413.5,0,0,0,0,0,0,,,,,,,,,,,,,
1397603700,45713,0,0,0,0,0,0,,,,,,,,,,,,,
1397604600,45773.5,0,0,0,0,0,0,,,,,,,,,,,,,
1397605500,46443,0,0,0,0,0,0,,,,,,,,,,,,,
1397606400,45378.5,0,0,0,0,0,0,,,,,,,,,,,,,
1397607300,45462,0,0,0,0,0,0,,,,,,,,,,,,,
1397608200,45302,0,0,0,0,0,0,,,,,,,,,,,,,
1397609100,45803,0,0,0,0,0,0,,,,,,,,,,,,,
1397610000,46105,0,0,0,0,0,0,,,,,,,,,,,,,
1397610900,46516,0,0,0,0,0,0,,,,,,,,,,,,,
1397611800,46911.5,0,0,0,0,0,0,,,,,,,,,,,,,
1397612700,47055,0,0,0,0,0,0,,,,,,,,,,,,,
1397613600,47070,0,0,0,0,0,0,,,,,,,,,,,,,
1397614500,47587.5,0,0,0,0,0,0,,,,,,,,,,,,,
1397615400,48088.5,0,0,0,0,0,0,,,,,,,,,,,,,
1397616300,48003,0,0,0,0,0,0,,,,,,,,,,,,,
1397617200,48081,0,0,0,0,0,0,,,,,,,,,,,,,
1397618100,48498,0,0,0,0,0,0,,,,,,,,,,,,,
1397619000,48091,0,0,0,0,0,0,,,,,,,,,,,,,
1397619900,48223.5,0,0,0,0,0,0,,,,,,,,,,,,,
1397620800,47702.5,0,0,0,0,0,0,,,,,,,,,,,,,
1397621700,48228,0,0,0,0,0,0,,,,,,,,,,,,,
1397622600,48454,0,0,0,0,0,0,,,,,,,,,,,,,
1397623500,49421.5,0,0,0,0,0,0,,,,,,,,,,,,,
1397624400,48632,0,0,0,0,0,0,,,,,,,,,,,,,
1397625300,49369,0,0,0,0,0,0,,,,,,,,,,,,,
1397626200,49126,0,0,0,0,0,0,,,,,,,,,,,,,
1397627100,48848.5,0,0,0,0,0,0,,,,,,,,,,,,,
1397628000,48847.5,0,0,0,0,0,1,,,,,,,,,,,,,
1397628900,48722,0,0,0,0,0,0,,,,,,,,,,,,,
1397629800,48957.5,0,0,0,0,0,0,,,,,,,,,,,,,
1397630700,49633,0,0,0,0,0,0,,,,,,,,,,,,,
1397631600,48675.5,0,0,0,0,0,0,,,,,,,,,,,,,
1397632500,48815.5,0,0,0,0,0,0,,,,,,,,,,,,,
1397633400,49249,0,0,0,0,0,0,,,,,,,,,,,,,
1397634300,48754.5,0,0,0,0,0,0,,,,,,,,,,,,,
1397635200,49070.5,0,0,0,0,0,0,,,,,,,,,,,,,
1397636100,49456.5,0,0,0,0,0,0,,,,,,,,,,,,,
1397637000,49493.5,0,0,0,1,0,0,,,,,,,,,,,,,
1397637900,55164,1,0,1,1,0,0,,,,,,,,,,,,,
1397638800,55195.5,1,0,0,0,1,1,,,,,,,,,,,,,
1397639700,55553,1,0,0,0,0,0,,,,,,,,,,,,,
1397640600,55096.5,1,0,0,0,0,0,,,,,,,,,,,,,
1397641500,55244,1,0,0,0,0,0,,,,,,,,,,,,,
1397642400,54839.5,1,0,0,0,0,0,,,,,,,,,,,,,
1397643300,56007.5,1,0,0,0,0,0,,,,,,,,,,,,,
1397644200,55623,1,0,0,0,0,0,,,,,,,,,,,,,
1397645100,55557,1,0,0,0,0,0,,,,,,,,,,,,,
1397646000,55784.5,1,0,0,0,0,0,,,,,,,,,,,,,
1397646900,56269.5,1,0,0,0,0,0,,,,,,,,,,,,,
1397647800,55300.5,1,0,0,0,0,0,,,,,,,,,,,,,
1397648700,53876,1,0,0,0,0,0,,,,,,,,,,,,,
1397649600,53290,1,0,0,0,0,0,,,,,,,,,,,,,
1397650500,52170.5,1,0,0,0,0,0,,,,,,,,,,,,,
1397651400,51731,1,0,0,0,0,0,,,,,,,,,,,,,
1397652300,50653.5,0,0,0,0,0,0,,,,,,,,,,,,,
1397653200,49083.5,0,0,0,0,0,0,,,,,,,,,,,,,
1397654100,47887,0,0,0,0,0,0,,,,,,,,,,,,,
1397655000,47013,0,0,0,0,0,0,,,,,,,,,,,,,
1397655900,45894.5,0,0,0,0,0,0,,,,,,,,,,,,,
1397656800,44944,0,0,0,0,0,0,,,,,,,,,,,,,
1397657700,44490,0,0,0,0,0,0,,,,,,,,,,,,,
1397658600,43734,0,0,0,0,0,0,,,,,,,,,,,,,
1397659500,42986,0,0,0,0,0,0,,,,,,,,,,,,,
1397660400,42291,0,0,0,0,0,0,,,,,,,,,,,,,
1397661300,41589.5,0,0,0,0,0,0,,,,,,,,,,,,,
1397662200,41924,0,0,0,0,0,0,,,,,,,,,,,,,
1397663100,41174,0,0,0,0,0,0,,,,,,,,,,,,,
1397664000,41016,0,0,0,0,0,0,,,,,,,,,,,,,
1397664900,40809,0,0,0,0,0,0,,,,,,,,,,,,,
1397665800,40586.5,0,0,0,0,0,0,,,,,,,,,,,,,
1397666700,40626.5,0,0,0,0,0,0,,,,,,,,,,,,,
1397667600,40374.5,0,0,0,0,0,0,,,,,,,,,,,,,
1397668500,40367,0,0,0,0,0,0,,,,,,,,,,,,,
1397669400,40653.5,0,0,0,0,0,0,,,,,,,,,,,,,
1397670300,40551.5,0,0,0,0,0,0,,,,,,,,,,,,,
1397671200,40704,0,0,0,0,0,0,,,,,,,,,,,,,
1397672100,40818.5,0,0,0,0,0,0,,,,,,,,,,,,,
1397673000,41485.5,0,0,0,0,0,0,,,,,,,,,,,,,
1397673900,41780.5,0,0,0,0,0,0,,,,,,,,,,,,,
1397674800,42560.5,0,0,0,0,0,0,,,,,,,,,,,,,
1397675700,43427.5,0,0,0,0,0,0,,,,,,,,,,,,,
1397676600,44153,0,0,0,0,0,0,,,,,,,,,,,,,
1397677500,45227.5,0,0,0,0,0,0,,,,,,,,,,,,,
1397678400,46496.5,0,0,0,0,0,0,,,,,,,,,,,,,
1397679300,47467.5,0,0,0,0,0,0,,,,,,,,,,,,,
1397680200,48141.5,0,0,0,0,0,0,,,,,,,,,,,,,
1397681100,49077.5,0,0,0,0,0,0,,,,,,,,,,,,,
1397682000,49431.5,0,0,0,0,0,0,,,,,,,,,,,,,
1397682900,49856,0,0,0,0,0,0,,,,,,,,,,,,,
1397683800,49710,0,0,0,0,0,0,,,,,,,,,,,,,
1397684700,49740.5,0,0,0,0,0,0,,,,,,,,,,,,,
1397685600,49900,0,0,0,0,0,0,,,,,,,,,,,,,
1397686500,50107,0,0,0,0,0,0,,,,,,,,,,,,,
1397687400,49961,0,0,0,0,0,0,,,,,,,,,,,,,
1397688300,49985,0,0,0,0,0,0,,,,,,,,,,,,,
1397689200,49721.5,0,0,0,0,0,0,,,,,,,,,,,,,
1397690100,50502.5,0,0,0,0,0,0,,,,,,,,,,,,,
1397691000,50641.5,0,0,0,0,0,0,,,,,,,,,,,,,
1397691900,50696.5,0,0,0,0,0,0,,,,,,,,,,,,,
1397692800,51351.5,0,0,0,0,0,0,,,,,,,,,,,,,
1397693700,50849.5,0,0,0,0,0,0,,,,,,,,,,,,,
1397694600,50419.5,0,0,0,0,0,0,,,,,,,,,,,,,
1397695500,49957.5,0,0,0,0,0,0,,,,,,,,,,,,,
1397696400,50826,0,0,0,0,0,0,,,,,,,,,,,,,
1397697300,50964.5,0,0,0,0,0,0,,,,,,,,,,,,,
1397698200,50238,0,0,0,0,0,0,,,,,,,,,,,,,
1397699100,51369.5,0,0,0,0,0,0,,,,,,,,,,,,,
1397700000,51400,0,0,0,0,0,0,,,,,,,,,,,,,
1397700900,52432,0,0,0,0,0,0,,,,,,,,,,,,,
1397701800,52326,0,0,0,0,0,0,,,,,,,,,,,,,
1397702700,51958.5,0,0,0,0,0,0,,,,,,,,,,,,,
1397703600,52112,0,0,0,0,0,0,,,,,,,,,,,,,
1397704500,52580.5,0,0,0,0,0,0,,,,,,,,,,,,,
1397705400,52558,0,0,0,0,0,0,,,,,,,,,,,,,
1397706300,51861.5,0,0,0,0,0,0,,,,,,,,,,,,,
1397707200,51724.5,0,0,0,0,0,0,,,,,,,,,,,,,
1397708100,51854.5,0,0,0,0,0,0,,,,,,,,,,,,,
1397709000,52376,0,0,0,0,0,0,,,,,,,,,,,,,
1397709900,52732,0,0,0,0,0,0,,,,,,,,,,,,,
1397710800,52833.5,0,0,0,0,0,0,,,,,,,,,,,,,
1397711700,52864,0,0,0,0,0,0,,,,,,,,,,,,,
1397712600,53712,0,0,0,0,0,0,,,,,,,,,,,,,
1397713500,53302,0,0,0,0,0,0,,,,,,,,,,,,,
1397714400,53111,0,0,0,0,0,0,,,,,,,,,,,,,
1397715300,53772,0,0,0,0,0,0,,,,,,,,,,,,,
1397716200,54015,0,0,0,0,0,0,,,,,,,,,,,,,
1397717100,54012,0,0,0,0,0,0,,,,,,,,,,,,,
1397718000,53453.5,0,0,0,0,0,0,,,,,,,,,,,,,
1397718900,53898,0,0,0,0,0,0,,,,,,,,,,,,,
1397719800,54627.5,0,0,0,0,0,0,,,,,,,,,,,,,
1397720700,54360,0,0,0,0,0,0,,,,,,,,,,,,,
1397721600,53799,0,0,0,0,0,0,,,,,,,,,,,,,
1397722500,54274,0,0,0,0,0,0,,,,,,,,,,,,,
1397723400,54804.5,0,0,0,0,0,0,,,,,,,,,,,,,
1397724300,55588,0,0,0,0,0,0,,,,,,,,,,,,,
1397725200,53555.5,0,0,0,0,0,0,,,,,,,,,,,,,
1397726100,54876,0,0,0,0,0,0,,,,,,,,,,,,,
1397727000,54881.5,0,0,0,0,0,1,,,,,,,,,,,,,
1397727900,55110,0,0,0,0,0,0,,,,,,,,,,,,,
1397728800,55257.5,0,0,0,0,0,0,,,,,,,,,,,,,
1397729700,56339,0,0,0,0,0,0,,,,,,,,,,,,,
1397730600,56514,0,0,0,0,0,0,,,,,,,,,,,,,
1397731500,56576.5,0,0,0,0,0,0,,,,,,,,,,,,,
1397732400,55936,0,0,0,0,0,0,,,,,,,,,,,,,
1397733300,56342,0,0,0,0,0,0,,,,,,,,,,,,,
1397734200,55437.5,0,0,0,0,0,0,,,,,,,,,,,,,
1397735100,54352,0,0,0,0,0,0,,,,,,,,,,,,,
1397736000,53204.5,0,0,0,0,0,0,,,,,,,,,,,,,
1397736900,52242.5,0,0,0,0,0,0,,,,,,,,,,,,,
1397737800,50687.5,0,0,0,0,0,0,,,,,,,,,,,,,
1397738700,49487,0,0,0,0,0,0,,,,,,,,,,,,,
1397739600,48454.5,0,0,0,0,0,0,,,,,,,,,,,,,
1397740500,47858,0,0,0,0,0,0,,,,,,,,,,,,,
1397741400,46830.5,0,0,0,0,0,0,,,,,,,,,,,,,
1397742300,46196,0,0,0,0,0,0,,,,,,,,,,,,,
1397743200,45000,0,0,0,0,0,0,,,,,,,,,,,,,
1397744100,43856.5,0,0,0,0,0,0,,,,,,,,,,,,,
1397745000,43454.5,0,0,0,0,0,0,,,,,,,,,,,,,
1397745900,42996.5,0,0,0,0,0,0,,,,,,,,,,,,,
1397746800,42303.5,0,0,0,0,0,0,,,,,,,,,,,,,
1397747700,41387.5,0,0,0,0,0,0,,,,,,,,,,,,,
1397748600,41145.5,0,0,0,0,0,0,,,,,,,,,,,,,
1397749500,41107.5,0,0,0,0,0,0,,,,,,,,,,,,,
1397750400,40914.5,0,0,0,0,0,0,,,,,,,,,,,,,
1397751300,41333.5,0,0,0,0,0,0,,,,,,,,,,,,,
1397752200,40442,0,0,0,0,0,0,,,,,,,,,,,,,
1397753100,39965.5,0,0,0,0,0,0,,,,,,,,,,,,,
1397754000,40326,0,0,0,0,0,0,,,,,,,,,,,,,
1397754900,40619.5,0,0,0,0,0,0,,,,,,,,,,,,,
1397755800,41447.5,0,0,0,0,0,0,,,,,,,,,,,,,
1397756700,41318,0,0,0,0,0,0,,,,,,,,,,,,,
1397757600,41077.5,0,0,0,0,0,0,,,,,,,,,,,,,
1397758500,41000,0,0,0,0,0,0,,,,,,,,,,,,,
1397759400,41561,0,0,0,0,0,0,,,,,,,,,,,,,
1397760300,42151.5,0,0,0,0,0,0,,,,,,,,,,,,,
1397761200,42569,0,0,0,0,0,0,,,,,,,,,,,,,
1397762100,43001.5,0,0,0,0,0,0,,,,,,,,,,,,,
1397763000,43762,0,0,0,0,0,0,,,,,,,,,,,,,
1397763900,44797,0,0,0,0,0,0,,,,,,,,,,,,,
1397764800,45845.5,0,0,0,0,0,0,,,,,,,,,,,,,
1397765700,46700.5,0,0,0,0,0,0,,,,,,,,,,,,,
1397766600,47666.5,0,0,0,0,0,0,,,,,,,,,,,,,
1397767500,48563,0,0,0,0,0,0,,,,,,,,,,,,,
1397768400,48785.5,0,0,0,0,0,0,,,,,,,,,,,,,
1397769300,49595.5,0,0,0,0,0,0,,,,,,,,,,,,,
1397770200,49294,0,0,0,0,0,0,,,,,,,,,,,,,
1397771100,49387.5,0,0,0,0,0,0,,,,,,,,,,,,,
1397772000,50465,0,0,0,0,0,0,,,,,,,,,,,,,
1397772900,49729.5,0,0,0,0,0,0,,,,,,,,,,,,,
1397773800,48997.5,0,0,0,0,0,0,,,,,,,,,,,,,
1397774700,49969.5,0,0,0,0,0,0,,,,,,,,,,,,,
1397775600,50098.5,0,0,0,0,0,0,,,,,,,,,,,,,
1397776500,50289,0,0,0,0,0,0,,,,,,,,,,,,,
1397777400,50113.5,0,0,0,0,0,0,,,,,,,,,,,,,
1397778300,50277.5,0,0,0,0,0,0,,,,,,,,,,,,,
1397779200,49848,0,0,0,0,0,0,,,,,,,,,,,,,
1397780100,49950.5,0,0,0,1,0,0,,,,,,,,,,,,,
1397781000,49036.5,1,0,0,1,0,0,,,,,,,,,,,,,
1397781900,34610.5,1,1,1,1,0,0,,,,,,,,,,,,,
1397782800,34001.5,1,1,0,1,1,0,,,,,,,,,,,,,
1397783700,34680,1,1,0,0,0,0,,,,,,,,,,,,,
1397784600,34953.5,1,1,0,0,0,0,,,,,,,,,,,,,
1397785500,34942.5,1,1,0,0,0,0,,,,,,,,,,,,,
1397786400,35464,1,0,0,0,0,0,,,,,,,,,,,,,
1397787300,35597,1,0,0,0,0,0,,,,,,,,,,,,,
1397788200,35574,1,0,0,0,0,0,,,,,,,,,,,,,
1397789100,35437,1,0,0,0,0,0,,,,,,,,,,,,,
1397790000,35374,1,0,0,0,0,0,,,,,,,,,,,,,
1397790900,35675.5,1,0,0,0,0,0,,,,,,,,,,,,,
1397791800,35825.5,1,0,0,0,0,0,,,,,,,,,,,,,
1397792700,36006,1,0,0,0,0,0,,,,,,,,,,,,,
1397793600,35050.5,1,0,0,0,0,0,,,,,,,,,,,,,
1397794500,36143,1,0,0,0,0,0,,,,,,,,,,,,,
1397795400,36374.5,1,0,0,0,0,0,,,,,,,,,,,,,
1397796300,36711,1,0,0,0,0,0,,,,,,,,,,,,,
1397797200,36231.5,1,0,0,0,0,0,,,,,,,,,,,,,
1397798100,37163,1,0,0,0,0,0,,,,,,,,,,,,,
1397799000,37275.5,1,0,0,0,0,0,,,,,,,,,,,,,
1397799900,37292,1,0,0,0,0,0,,,,,,,,,,,,,
1397800800,37214.5,1,0,0,0,0,0,,,,,,,,,,,,,
1397801700,37432,1,0,0,0,0,0,,,,,,,,,,,,,
1397802600,37820,1,0,0,0,0,0,,,,,,,,,,,,,
1397803500,37907,1,0,0,0,0,0,,,,,,,,,,,,,
1397804400,37539,1,0,0,0,0,0,,,,,,,,,,,,,
1397805300,38057.5,1,0,0,0,0,0,,,,,,,,,,,,,
1397806200,37568,1,0,0,0,0,0,,,,,,,,,,,,,
1397807100,38115.5,1,0,0,0,0,0,,,,,,,,,,,,,
1397808000,37110,1,0,0,0,0,0,,,,,,,,,,,,,
1397808900,37757.5,1,0,0,0,0,0,,,,,,,,,,,,,
1397809800,38045.5,1,0,0,0,0,0,,,,,,,,,,,,,
1397810700,38000,1,0,0,0,0,0,,,,,,,,,,,,,
1397811600,38367,1,0,0,0,0,0,,,,,,,,,,,,,
1397812500,38954,1,0,0,0,0,0,,,,,,,,,,,,,